task,seed,reading,i,singular_value,r_star,r_eff,D,ratio,z_proj,q_lo,q_hi,z_inside
cartpole-swingup,1,symlog,0,6.24845603610448,0.2812498228685877,0.2813663648250866,0.5192930526873217,1.8456116921087706,-0.2048871675045622,-0.7852628302472535,0.2533232751273899,True
cartpole-swingup,1,symlog,1,4.112235170821601,0.4273532714826299,0.4275303545679341,0.4271210707726892,0.9990426789796983,-0.44947891572057663,-0.7504301225184224,0.10381201902695587,True
cartpole-swingup,1,symlog,2,2.8191955368340347,0.6233612143590731,0.623619517581404,0.5190434359014888,0.8323078756651257,-0.29148726875390235,-0.8139126690769896,0.22417420272598804,True
cartpole-swingup,1,symlog,3,1.824050132175321,0.9634478364148547,0.9638470618959423,1.3080196353972067,1.35708214208202,0.8069542277586874,-0.6855402552158504,1.9304990155785628,True
cartpole-swingup,1,symlog,4,1.52462131585767,1.1526646879969251,1.1531423195792547,1.7255982193889423,1.4964312644588038,-1.3921361268256494,-2.0758361564981147,1.3753602822797697,True
cartpole-swingup,2,identity,0,2.0246182549333414,0.982428947471283,0.9827467462944884,0.3396456112295937,0.3456084820532349,0.10577180996242203,-0.07757206608232732,0.60171915637686,True
cartpole-swingup,2,identity,1,1.7663607127558345,1.1260687394490614,1.126433003268003,0.5063868164399887,0.4495489877967543,-0.5168472302245307,-0.8916611342924046,0.12111249858757285,True
cartpole-swingup,2,identity,2,1.4878726752438747,1.336837226948393,1.3372696707384855,1.046843705416004,0.7828216913331337,-0.33736641977099163,-1.731817501720743,0.3618699091112651,True
cartpole-swingup,2,identity,3,0.9207877008133334,2.160154375941797,2.1608531486320586,0.687893111700228,0.3183432951636269,0.34176057334050614,-0.17925462904874778,1.1965315943517083,True
cartpole-swingup,2,identity,4,0.4327819392095596,4.595948677660005,4.5974353878033005,3.856816075643625,0.8389059878634747,0.3104433096503453,-5.118464672120167,2.5951674791670825,True
cartpole-swingup,3,identity,0,2.785895628486663,0.9954268533826327,0.9955925199202403,0.3234731733254468,0.32490518646259126,0.21775507249238416,-0.12387389567044517,0.5230724509804484,True
cartpole-swingup,3,identity,1,2.034295839763138,1.3632015880442454,1.36342846246137,0.9895781222783963,0.7258012792925936,-0.5305772115766966,-1.7525396602797756,0.2266165842770169,True
cartpole-swingup,3,identity,2,1.7878770523108372,1.5510883792219372,1.5513465231934753,0.524730595259775,0.33824202872457365,-0.25303923880665763,-0.2857062398273866,0.7637549506921634,True
cartpole-swingup,3,identity,3,1.0969535264135826,2.5280517839106276,2.528472521591663,0.6320374533855527,0.24996809258883612,0.7554342127467826,-0.17084325021930097,1.0932316565518045,True
cartpole-swingup,3,identity,4,0.5554534344965075,4.992597303553711,4.993428209718374,3.8746230402389505,0.775944476922294,-0.48690810918951033,-5.1889930962525295,2.5602529842253716,True
cheetah-run,1,identity,0,17.676886829099132,0.16282363308226377,0.16284878942005565,0.10545593266834166,0.6475696444775305,-0.06563530039725154,-0.09754966612597556,0.11336219921070778,True
cheetah-run,1,identity,1,9.857689600565495,0.2919766245158325,0.29202173505939777,0.22290671634267506,0.7633223475551757,0.1451040668916392,-0.2514253566568402,0.1943880760285099,True
cheetah-run,1,identity,2,7.771262202576569,0.37036646815798646,0.3704236899740299,0.4882765594773497,1.3181569448530206,0.27024112901671915,-0.5064094450485496,0.4701436739061499,True
cheetah-run,1,identity,3,5.6125262283144615,0.5128198636431702,0.5128990945844774,0.7315999959625782,1.4264014183048623,-0.18248866150178483,-0.6411252409891524,0.822074750936004,True
cheetah-run,1,identity,4,4.8691746311464295,0.5911094082941678,0.5912007350117048,0.2882382064077866,0.4875471042878185,-0.12595281116463408,-0.2646954493715603,0.31178096344401285,True
cheetah-run,1,identity,5,4.10504380446248,0.7011411015807213,0.7012494282533136,0.2028137252174207,0.2892176692715362,-0.10981598350153048,-0.1652206473389535,0.24040680309588788,True
cheetah-run,1,identity,6,3.6789387769047464,0.7823492342863906,0.7824701076586178,0.5685561954483217,0.7266171447106269,-0.011908363831207885,-0.6216030119758065,0.5155093789208369,True
cheetah-run,1,identity,7,3.345004648160463,0.8604516997250725,0.860584639969692,0.6490832083082714,0.7542351770665239,-0.2188538030015455,-0.5847727766022007,0.7133936400143421,True
cheetah-run,1,identity,8,2.5495637735406573,1.1289048601050968,1.1290792765055777,0.6580942070734764,0.5828591674361719,-0.08970644121386219,-0.721927560707538,0.5942608534394148,True
cheetah-run,1,identity,9,1.1217206958844614,2.5658926911645374,2.566289122948146,2.4729685470551095,0.9636359851045037,-1.5203051172610222,-2.7299676891042366,2.215969405005982,True
cheetah-run,1,identity,10,0.7204748124132607,3.994886268761064,3.995503480811389,4.973663867592407,1.244815300869761,-6.0822024560938575,-6.742262751315326,3.2050649838694882,True
cheetah-run,1,identity,11,0.4084198544391928,7.0471964176424695,7.048285213231972,9.815805646479202,1.3926515953201886,0.4257427251152205,-8.941087525523468,10.690523767434936,True
cheetah-run,1,identity,12,0.3249447546195583,8.857551612020082,8.858920108448654,5.041016353732479,0.5690328270287613,0.7284547650396807,-5.338797822105622,4.7432348853593345,True
cheetah-run,1,identity,13,0.29546899858318804,9.741174028068428,9.742679044629595,14.047578837524913,1.4418599620469161,-1.7953083997078625,-13.970157824159688,14.12499985089014,True
cheetah-run,1,identity,14,0.2339576131593796,12.302292266664578,12.304192977353898,18.870946581833667,1.5337004723971743,1.6087742459361756,-13.830481298785447,23.911411864881888,True
cheetah-run,1,identity,15,0.2068805209299825,13.91245015315895,13.914599634096945,13.88401537728516,0.9978020023848304,-0.29849769169951396,-11.617549675406446,16.150481079163875,True
cheetah-run,1,identity,16,0.1892987749861449,15.204614690763847,15.206963811809207,17.77666329247409,1.168981758125139,-0.056090769265270096,-19.160800922570687,16.392525662377498,True
cheetah-run,2,identity,0,23.900780913033714,0.14890786555710142,0.14892291242844108,0.04606373029234827,0.30931258018797037,0.01696089641106251,-0.04591622851404621,0.046211232070650324,True
cheetah-run,2,identity,1,12.440904562699847,0.28607359319983444,0.286102500420648,0.36842338609164277,1.287732143375052,0.14917958136553391,-0.41677411921430624,0.3200726529689793,True
cheetah-run,2,identity,2,9.650447588207419,0.36879266359176727,0.3688299294255051,0.1862860992448539,0.505073163490327,-0.0008562164961053115,-0.22255957210466304,0.15001262638504478,True
cheetah-run,2,identity,3,6.360481061828191,0.559551115129772,0.5596076567611079,0.4507311242312099,0.8054413101492346,-0.06639917983081611,-0.40959483048770096,0.4918674179747189,True
cheetah-run,2,identity,4,5.037188353785233,0.7065477843871596,0.706619179766895,0.9881775410361642,1.398458419090962,0.48257756386058753,-1.0479542835921347,0.9284007984801937,True
cheetah-run,2,identity,5,4.12372245942234,0.863058633535273,0.8631458440541313,0.3111907925884499,0.36053095167186355,-0.11390580300644565,-0.3850723986973943,0.23730918647950552,True
cheetah-run,2,identity,6,3.812816321631307,0.9334344932160388,0.9335288150886335,0.6438740360063225,0.6897205802321058,-0.17623852659249264,-0.6049677363065541,0.682780335706091,True
cheetah-run,2,identity,7,3.528805026131766,1.008560757693408,1.0086626709395785,0.3722687534608361,0.36907160757130464,0.01614999453282064,-0.33734355728916426,0.4071939496325079,True
cheetah-run,2,identity,8,2.9164907424430755,1.2203070694222256,1.2204303792514264,0.6645397258489671,0.5445126056732338,0.10500613476562332,-0.5896097911853792,0.739469660512555,True
cheetah-run,2,identity,9,1.2667977126141423,2.8094574496534563,2.809741340263404,2.1023259113114667,0.7482275614432112,-0.37794188869522266,-2.4332471188952294,1.7714047037277039,True
cheetah-run,2,identity,10,0.6208385318358125,5.7325924349182955,5.7331717030482094,4.736436671720356,0.8261459654526115,-5.99281801892552,-7.770176574881357,1.702696768559356,True
cheetah-run,2,identity,11,0.4332555504730906,8.214584364866226,8.21541443380573,10.43783767285783,1.2705187007860514,-0.35426555758088163,-8.062203265653842,12.813472080061818,True
cheetah-run,2,identity,12,0.3571314814805038,9.965557380026299,9.966564381632047,11.124674824204181,1.1161995646871536,-1.3549003230712715,-10.430342118997183,11.81900752941118,True
cheetah-run,2,identity,13,0.22396825715056817,15.890708425324421,15.892314152760495,9.641117569288042,0.6066528434194953,0.3098590422467067,-10.53143495698636,8.750800181589723,True
cheetah-run,2,identity,14,0.21580501497659116,16.49180521265372,16.493471679836386,13.024013787803582,0.7896465971882507,-0.24402145745103263,-12.176490700867642,13.871536874739524,True
cheetah-run,2,identity,15,0.20354743556138113,17.484937902027827,17.48670472347818,12.547925234101694,0.7175694581984031,-0.723920534519618,-11.900046862633236,13.19580360557015,True
cheetah-run,2,identity,16,0.1722703917958884,20.6594658188541,20.661553420626912,22.72424587823115,1.099832399607718,-0.5246522563309578,-23.4159468510318,22.032544905430502,True
cheetah-run,3,identity,0,25.185002798292235,0.15167257717909663,0.15168588171865152,0.038762761435301246,0.2555462709917776,0.007091669504212108,-0.04073415727752735,0.03679136559307514,True
cheetah-run,3,identity,1,15.959958857718043,0.23934111075934877,0.2393621054792539,0.35066136560001837,1.4649827920669383,0.1149837155452824,-0.4111137657590212,0.29020896544101554,True
cheetah-run,3,identity,2,9.690773417137972,0.3941764105148057,0.39421098720455927,0.23399906479966887,0.5935883889462595,0.027109467755528992,-0.27696526454400494,0.19103286505533282,True
cheetah-run,3,identity,3,5.734914802181818,0.6660734138938721,0.6661318410680283,0.46606928098213796,0.6996652197782285,-0.060131999878485366,-0.36250601435554114,0.5696325476087347,True
cheetah-run,3,identity,4,5.075347035662055,0.7526331212110816,0.7526991413006557,0.9933451021607517,1.319710688714567,0.34035240190023236,-1.079378676421418,0.9073115279000854,True
cheetah-run,3,identity,5,4.030221102481972,0.9478076223478933,0.9478907629144763,0.5854022889336264,0.6175841266072603,0.16443856405227864,-0.6080229006392122,0.5627816772280407,True
cheetah-run,3,identity,6,3.8848556426602223,0.98327315917047,0.9833594107321083,0.5395730030122112,0.5487037568598654,-0.02547046396837908,-0.49824536015982224,0.5809006458646003,True
cheetah-run,3,identity,7,3.706484029409673,1.0305924024952915,1.030682804845136,0.3700199784850128,0.35900470711802523,0.12041852734710583,-0.378702237831424,0.36133771913860163,True
cheetah-run,3,identity,8,2.875565092584807,1.3283908232611454,1.3285073481371708,0.6887195902455234,0.5184160939803939,0.16318814343171992,-0.6133176120524096,0.7641215684386373,True
cheetah-run,3,identity,9,1.2864240827923212,2.969374043735482,2.9696345137238773,2.1434141243673173,0.7217770787825024,-0.02366946027324673,-2.422667518835176,1.8641607298994587,True
cheetah-run,3,identity,10,0.649831577784036,5.878252783137656,5.8787684165377145,5.106207189713645,0.8685845108899413,-6.882493602101072,-7.264868609007169,2.9475457704201222,True
cheetah-run,3,identity,11,0.5033988982126014,7.588165755314166,7.588831380263092,11.71769223558607,1.5440707071264292,-0.7187669078929627,-9.39836010898337,14.037024362188768,True
cheetah-run,3,identity,12,0.3396911298396901,11.245139908370438,11.246126318778256,9.84310160147993,0.8752437348177727,-0.6235997181661881,-8.789421705211076,10.896781497748783,True
cheetah-run,3,identity,13,0.27538484565410937,13.871040258611783,13.872257009900759,8.512926024075147,0.6136655353198397,0.5135882469532924,-8.084127358924167,8.941724689226128,True
cheetah-run,3,identity,14,0.22079674499367183,17.3004102972135,17.301927868796934,19.53416334140322,1.1290165748888596,1.9679699967393858,-17.975205427733354,21.093121255073086,True
cheetah-run,3,identity,15,0.18954141457958817,20.153243496427447,20.155011315173873,13.995134287162216,0.6943749159111541,0.17257434789171477,-14.606023318787214,13.384245255537218,True
cheetah-run,3,identity,16,0.17756487578843547,21.512555699535067,21.514442755544483,21.171012307612784,0.9840372138923658,-0.09662419388900353,-19.14477099348082,23.19725362174475,True
walker-run,1,identity,0,5.6925376457638235,0.21868384566252477,0.21886439761867651,0.2037864508831336,0.9311082711505553,0.09244298395757607,-0.18512284467917178,0.22245005708709542,True
walker-run,1,identity,1,5.076747243338726,0.24520937606018006,0.24541182829152935,0.24639196610552705,1.0039938491181173,-0.053485766002293524,-0.2289061179787057,0.2638778142323484,True
walker-run,1,identity,2,4.465014114165029,0.27880449918513234,0.27903468855993196,0.3509094804194804,1.2575837155963887,0.00664083808905877,-0.30818586219788197,0.3936330986410788,True
walker-run,1,identity,3,4.364828505937185,0.2852038796624014,0.28543935255807457,0.5214392622080463,1.82679528080122,0.03680682118200874,-0.534711870042843,0.5081666543732495,True
walker-run,1,identity,4,3.999656669542433,0.3112432208079357,0.31150019256634603,0.7037808622357066,2.25932721401387,0.11936663313417772,-0.7116026071225711,0.6959591173488421,True
walker-run,1,identity,5,3.875389404155465,0.32122346792286094,0.32148867967327427,0.3515603419568112,1.0935387905854055,0.1685257284524017,-0.3312748358102489,0.3718458481033734,True
walker-run,1,identity,6,3.4529785198366074,0.3605194810227879,0.36081713674277166,0.881980785658999,2.444398272268779,-0.09310423411315491,-0.9604353942672958,0.8035261770507022,True
walker-run,1,identity,7,3.3516013933632083,0.3714242470537796,0.37173090607637244,0.4997361924160373,1.3443493243291589,-0.038423719546497585,-0.5866479775205253,0.4128244073115492,True
walker-run,1,identity,8,3.0940437233244733,0.4023427382651045,0.4026749245233862,0.4478469432312375,1.112179865089235,-0.5437076542787262,-0.38713854377839096,0.5085553426840841,False
walker-run,1,identity,9,2.8563656243351527,0.4358216655978987,0.436181493064892,0.5288164726877773,1.2123771436792796,-0.11541068135641692,-0.44571669492175325,0.6119162504538014,True
walker-run,1,identity,10,2.714652258850898,0.4585729239888998,0.458951535578675,0.5120165950841661,1.1156223596432318,-0.37335996000392574,-0.5589784030280043,0.46505478714032783,True
walker-run,1,identity,11,2.521514432877191,0.49369775866555937,0.49410537037462154,0.7351572885972122,1.487855288923149,-0.13585922158868408,-0.7301674508834407,0.7401471263109836,True
walker-run,1,identity,12,2.4345824508676723,0.5113262947864692,0.5117484611448295,1.2954906865290647,2.531498939207223,0.06156272659883828,-1.2246637813474628,1.3663175917106667,True
walker-run,1,identity,13,2.0701626363262298,0.6013373066009458,0.6018337887562005,0.875279206959056,1.4543537157792028,-0.1443056343514892,-1.2147829646712383,0.5357754492468738,True
walker-run,1,identity,14,1.8372616550764027,0.6775659963918206,0.6781254152446398,0.8092811071077022,1.193409196757132,-0.18615335355761325,-1.0622821067632158,0.5562801074521885,True
walker-run,1,identity,15,1.5380285594650578,0.8093907075349143,0.8100589648316237,1.022055073257641,1.2617045395825996,0.2474074540290446,-1.16684532402379,0.8772648224914922,True
walker-run,1,identity,16,0.897788544248403,1.386591566499087,1.3877363781743903,3.4088363988252715,2.4564005472780788,2.1064765661006444,-4.747967902756957,2.0697048948935857,False
walker-run,1,identity,17,0.7288125259331502,1.70807440824434,1.7094846458168793,2.5668516972531776,1.5015353916949656,-4.687116270923817,-4.07469341563921,1.0590099788671457,False
walker-run,1,identity,18,0.3887217129624093,3.202460738473621,3.205104786318483,16.040310951472826,5.004613583912617,-0.3205513824086729,-16.1494082300332,15.931213672912454,True
walker-run,1,identity,19,0.27309965430385347,4.558284876367062,4.562048333373365,5.979546558591755,1.3107153019069908,-0.19284759460627252,-6.710662057156754,5.248431060026757,True
walker-run,1,identity,20,0.18200523313642727,6.839726542484649,6.845373626305798,28.946505083093424,4.228623105663089,0.49122709293158984,-27.2184443778169,30.674565788369947,True
walker-run,1,identity,21,0.15987570091135417,7.786461712806285,7.792890449640892,18.754462185062607,2.406611809348204,-1.2821656340864198,-18.818889827397697,18.690034542727517,True
walker-run,1,identity,22,0.08612241577925794,14.454611063687167,14.466545225056306,33.525579850681,2.317455849280042,0.40969651098654847,-36.70387939032216,30.34728031103983,True
walker-run,1,identity,23,0.07654849431319309,16.262449511561144,16.275876278692643,35.25540586973764,2.166114147469394,1.0547702528354268,-37.80450122123444,32.70631051824085,True
walker-run,2,identity,0,5.421536252061152,0.23409464946952488,0.2342806016580847,0.18622703318533795,0.7948888293240881,0.026418800684682713,-0.19544194156013084,0.17701212481054504,True
walker-run,2,identity,1,4.961429517294375,0.2558038210738679,0.25600701785977664,0.20183321140832428,0.788389369540154,-0.05077135123467393,-0.16718126295913213,0.2364851598575164,True
walker-run,2,identity,2,4.492151204526392,0.2825266939442623,0.28275111794192553,0.4530863527517108,1.6024210834235164,-0.03278200953949308,-0.531734340270046,0.3744383652333756,True
walker-run,2,identity,3,4.277079539342865,0.29673346423376806,0.29696917332501893,0.34878188211523975,1.1744716739791514,0.04393327154619433,-0.29152517601003913,0.40603858822044037,True
walker-run,2,identity,4,3.9172880402761567,0.3239875688138332,0.32424492709871305,0.7854564288876332,2.422417016407196,0.10315857955118315,-0.7516942945591382,0.8192185632161283,True
walker-run,2,identity,5,3.7437588671302144,0.33900490751570456,0.3392741947660874,0.25605211865058153,0.7547055526198114,0.08900263181938438,-0.2789462548272422,0.23315798247392078,True
walker-run,2,identity,6,3.3528355804778616,0.3785311262807858,0.3788318110317159,0.6158999908305224,1.6257874151412248,-0.01352390792307696,-0.744404662725241,0.48739531893580373,True
walker-run,2,identity,7,3.2674297966178414,0.3884253702485952,0.3887339144543405,0.7213926219704485,1.8557491259363248,-0.018508666828254836,-0.8711457611121121,0.571639482828785,True
walker-run,2,identity,8,3.017401637971916,0.4206111021287878,0.4209452129474269,0.6782420722172126,1.611235978830148,-0.469105795801062,-0.6619487366231686,0.6945354078112566,True
walker-run,2,identity,9,2.8779476064112637,0.4409922632661065,0.441342563782065,0.4626388580582892,1.0482534340076484,-0.18451752952252587,-0.496610102207198,0.42866761390938035,True
walker-run,2,identity,10,2.660539103957528,0.4770283686583385,0.47740729431664836,0.45801356714166075,0.9593769776753256,-0.18636944553489676,-0.4330310537177808,0.4829960805655407,True
walker-run,2,identity,11,2.5332917254930574,0.5009895290545586,0.5013874881688926,0.8674886299162297,1.7301760621996531,-0.32231264137860166,-0.9415114605763945,0.7934657992560648,True
walker-run,2,identity,12,2.419587428675562,0.5245326593580825,0.5249493198678363,1.1645291440393613,2.218364897267699,-0.07485290833233155,-1.1689306224809213,1.1601276655978014,True
walker-run,2,identity,13,1.895706191122636,0.6694880432716136,0.6700198485356084,0.8630850391125797,1.2881484645550927,-0.21003877558098072,-1.1762556309954708,0.5499144472296887,True
walker-run,2,identity,14,1.6901524518053175,0.7509101484643861,0.7515066310659114,0.8854889735455979,1.178284977059551,-0.2558908922319381,-1.2776864542969,0.4932914927942958,True
walker-run,2,identity,15,1.4260113696142016,0.8900017598428674,0.8907087293333703,1.1568837262303864,1.298835060363929,0.1600261103745196,-1.476029138830535,0.8377383136302375,True
walker-run,2,identity,16,0.8569716735565489,1.4809738380796431,1.4821502439779188,3.4453347001105956,2.3245515858525367,2.49104485380555,-4.482009390255136,2.408660009966055,False
walker-run,2,identity,17,0.683463830575558,1.8569419064119301,1.8584169611058663,2.5154908629293704,1.3535664576761648,-4.703483419622702,-3.954268546679748,1.0767131791789932,False
walker-run,2,identity,18,0.3853413292073354,3.2935803463471767,3.296196589285612,17.347171858266186,5.262784360208885,-0.08188556641020042,-17.28728095226057,17.407062764271803,True
walker-run,2,identity,19,0.2596116246512613,4.888658704006192,4.892541991331173,6.086757552046678,1.2440889751853883,-0.3938298869211387,-6.871708829712023,5.301806274381334,True
walker-run,2,identity,20,0.17195013938983333,7.380933990610168,7.386797007267228,27.484339686298156,3.7207384552815923,0.6372648326744588,-25.268374980579953,29.700304392016356,True
walker-run,2,identity,21,0.15227731938421626,8.334482335549481,8.341102799683629,19.730285116812134,2.3654288396446197,-0.2894735394352492,-20.278641168115477,19.181929065508793,True
walker-run,2,identity,22,0.08047010472388984,15.771728306646445,15.784256518643758,29.86710458702248,1.892208514968355,1.9265780619686652,-33.17800337412286,26.5562057999221,True
walker-run,2,identity,23,0.0768388710618258,16.51706500856053,16.530185275913425,35.86912698717934,2.169916815115509,0.8331723184466114,-33.62443301750109,38.113820956857595,True
walker-run,3,identity,0,7.316211759128768,0.23858561836917444,0.23868582627355248,0.20575889616063167,0.8620490767005831,0.010900456998979634,-0.18973826764538113,0.22177952467588222,True
walker-run,3,identity,1,6.722997447069427,0.25963759772546835,0.2597466476327668,0.21460738051904021,0.8262180954976364,-0.042196697269349735,-0.21094789293815194,0.21826686809992848,True
walker-run,3,identity,2,5.694349903621002,0.3065394533556118,0.30666820242456183,0.6256665835712021,2.040206903176118,-0.08445803904405852,-0.7046870061270749,0.5466461610153293,True
walker-run,3,identity,3,5.620857380104077,0.31054744652482924,0.3106778789835788,0.4042675408229829,1.301243404086555,-0.04877329214139608,-0.537536053008142,0.27099902863782377,True
walker-run,3,identity,4,5.02376430870162,0.34745716546616695,0.34760310030771563,0.7250872823362894,2.0859632198171014,-0.05955262473255652,-0.7114127927202659,0.7387617719523129,True
walker-run,3,identity,5,4.687413867274074,0.3723893294036501,0.37254573595727025,0.3032757932425448,0.8140632517595893,0.11345347319057664,-0.29102595508396034,0.3155256314011292,True
walker-run,3,identity,6,4.431259408466193,0.39391575752405644,0.3940812053529442,0.9384552586814182,2.3813753255269443,-0.050388040893397094,-0.9574611264159384,0.919449390946898,True
walker-run,3,identity,7,4.0755297824531125,0.428298405323123,0.4284782941443318,0.4479573847567761,1.0454610907452007,-0.6354403893666248,-0.3792091755118565,0.5167055940016957,False
walker-run,3,identity,8,3.9745451947046972,0.43918054045457994,0.439364999861242,0.3755155025539744,0.8546777796878855,-0.2666988183188179,-0.3609501846237435,0.39008082048420534,True
walker-run,3,identity,9,3.689057421783601,0.47316772473214047,0.47336645903322255,0.4003902273538874,0.8458356516674677,0.03482124321238659,-0.32301173055101057,0.47776872415676425,True
walker-run,3,identity,10,3.4398501390792346,0.5074473701167699,0.5076605021483199,0.9767397810860747,1.9240019204817058,-0.22396475583060974,-1.0796795468363416,0.8738000153358079,True
walker-run,3,identity,11,3.1277919843737747,0.5580751262846667,0.5583095223864637,0.3887972028421854,0.6963828973940708,0.008903843068619311,-0.35385037364261807,0.4237440320417527,True
walker-run,3,identity,12,3.0316437643644236,0.5757744122807619,0.5760162422269408,1.3864138156590333,2.406900559433894,0.06310838544967398,-1.327529613712602,1.4452980176054646,True
walker-run,3,identity,13,2.5365709068476905,0.6881506454084607,0.6884396742885087,1.0437999112787701,1.5161821002799127,0.0979668460910144,-0.9948983336332755,1.092701488924265,True
walker-run,3,identity,14,2.5016767193102933,0.697749190851808,0.698042251199178,0.579136096252691,0.8296576536130641,-0.28736761379997317,-0.6721830459298328,0.48608914657554925,True
walker-run,3,identity,15,1.8473939569294087,0.9448677149365938,0.945264567078293,1.0806936958886353,1.1432711364913832,0.43359254238835515,-1.3982303439739443,0.7631570478033262,True
walker-run,3,identity,16,1.178899603708462,1.4806544180527434,1.48127630497684,3.318336827110717,2.240187611157798,2.202422326250646,-4.486503507464473,2.150170146756961,False
walker-run,3,identity,17,0.9081686318048848,1.9220471237841468,1.9228543992423541,2.5716109107096985,1.3373924264483927,-4.633820971706043,-3.8981801284547237,1.2450416929646728,False
walker-run,3,identity,18,0.5131291516032568,3.4017613328294947,3.403190100316349,16.25505746037545,4.776417708450796,-0.3070120399812,-16.011391619884563,16.498723300866338,True
walker-run,3,identity,19,0.3369036542911812,5.181133788364652,5.183309906786136,6.117853552617525,1.1802986243612132,-0.0748455509233432,-6.787594563011626,5.4481125422234244,True
walker-run,3,identity,20,0.22298118544219245,7.828207134202774,7.831495045005268,28.949700606105214,3.6965739542373344,0.4638571571985172,-28.179612288583506,29.719788923626922,True
walker-run,3,identity,21,0.2077254738965765,8.403123959368811,8.406653339923906,19.519110617567314,2.3218645789602634,-0.8275999016511402,-20.498104015517438,18.540117219617187,True
walker-run,3,identity,22,0.1032081551144332,16.91283895866729,16.919942488883063,27.94668577427546,1.6517009908655018,-1.8036834894598723,-29.150790558508035,26.742580990042885,True
walker-run,3,identity,23,0.09902019236637072,17.62815103623637,17.63555500335509,36.642079614494904,2.0777389544884697,1.9269224151750912,-32.8432992671653,40.4408599618245,True
humanoid-run,1,identity,0,19.260762455982373,0.365914564310263,0.3659239935728022,0.24759951036503985,0.6766419112000067,-0.22262893681210336,-0.18982857805210437,0.30537044267797536,False
humanoid-run,1,identity,1,17.513271936274425,0.4024258589719317,0.4024362290950342,0.2180770924713794,0.5418922967292816,0.019931422384564478,-0.23080019829841433,0.20535398664434446,True
humanoid-run,1,identity,2,16.829141191431656,0.41878509557888527,0.4187958872636087,0.5566940049341058,1.3292728554989317,0.3217607892888199,-0.6488579901223852,0.4645300197458263,True
humanoid-run,1,identity,3,15.742863682543781,0.4476817969388309,0.447693333263452,0.41110236171056713,0.9182677765466024,-0.08889377427193658,-0.5176773045315733,0.3045274188895609,True
humanoid-run,1,identity,4,15.311059927984891,0.4603073553048153,0.46031921697779893,0.5641011371135366,1.225456414392413,-0.18207655774600326,-0.6137637594368157,0.5144385147902575,True
humanoid-run,1,identity,5,14.572559864438754,0.48363455480206385,0.4836470175942975,0.518822109376792,1.0727288508000286,-0.27203774900033617,-0.5209511351749581,0.5166930835786259,True
humanoid-run,1,identity,6,13.906249629134415,0.5068076361579701,0.5068206960979788,0.3892067472620968,0.7679377544338781,0.13793997873366573,-0.37181182726674183,0.4066016672574518,True
humanoid-run,1,identity,7,12.981753489347726,0.5428999640262295,0.5429139540304347,0.6827120318524292,1.2574958274403787,-0.5578036656276608,-0.6992345773224499,0.6661894863824086,True
humanoid-run,1,identity,8,12.726412085129283,0.5537926522589627,0.5538069229571523,0.4498058610987754,0.812207002933361,0.17716300710601582,-0.5296807026096251,0.3699310195879258,True
humanoid-run,1,identity,9,12.423180620102283,0.5673099118401319,0.5673245308649576,0.48785683681873115,0.8599255104920848,-0.8306047706886567,-0.486342705023093,0.48937096861436924,False
humanoid-run,1,identity,10,11.847277606243674,0.5948871746408626,0.5949025043049377,0.755951823487363,1.2707154836582666,-0.2668612740523466,-0.8723926075887335,0.6395110393859924,True
humanoid-run,1,identity,11,11.378096829497002,0.619417606298911,0.6194335680883588,0.886189906770441,1.4306455969206222,-0.35680663699175885,-0.9196497754230782,0.8527300381178037,True
humanoid-run,1,identity,12,11.253779894933702,0.6262601159933011,0.6262762541075704,0.5455622048587239,0.871120693592539,-0.62871028195268,-0.6293253151091356,0.46179909460831203,True
humanoid-run,1,identity,13,10.304261778314206,0.683968794076706,0.6839864192874987,0.8127330466910654,1.1882298007286178,0.2017510801958437,-0.659645211838501,0.9658208815436298,True
humanoid-run,1,identity,14,10.074253982638501,0.6995846555496913,0.6996026831660508,0.7093926348368655,1.0139935879412445,-0.7240458557952505,-0.7893125718450323,0.6294726978286986,True
humanoid-run,1,identity,15,10.015009148933718,0.7037231217222231,0.7037412559828325,0.8372501588128365,1.1897130539029543,0.11647119288775647,-0.910934941803895,0.763565375821778,True
humanoid-run,1,identity,16,9.573205923966505,0.7361999269983446,0.7362188981546477,0.6095146357309202,0.8278986552215447,0.5885469812973033,-0.6225687214868164,0.596460549975024,True
humanoid-run,1,identity,17,9.394521307609983,0.7502025139540885,0.750221845943443,0.6636507887563424,0.8846060566548379,-0.2712601967355613,-0.8381784545538474,0.48912312295883736,True
humanoid-run,1,identity,18,8.776504274674862,0.8030296894745552,0.8030503827688579,0.9146200511684297,1.1389323394814754,-0.13296492912690194,-0.8664044329490345,0.962835669387825,True
humanoid-run,1,identity,19,8.664301147032967,0.8134289636017247,0.8134499248752102,0.4624386022790543,0.5684905587150877,-1.0035854752032745,-0.5785233638632719,0.3463538406948368,False
humanoid-run,1,identity,20,8.263191103448154,0.8529142572320857,0.8529362360031965,0.6827848461503694,0.8005110081262986,-0.7326754441851362,-0.7104701787880291,0.6550995135127097,False
humanoid-run,1,identity,21,7.9851231396752045,0.8826155062463984,0.8826382503898176,0.9830936220631968,1.1138126198689136,0.7746542380958023,-0.9895085688609722,0.9766786752654215,True
humanoid-run,1,identity,22,7.704846130536892,0.914722160956789,0.9147457324574818,1.1840271968568234,1.2943784866597976,0.5749597385597517,-1.04904484425647,1.319009549457177,True
humanoid-run,1,identity,23,7.382412862738684,0.9546734425998646,0.9546980436062399,1.3765421337664163,1.4418612701527267,-0.05406125318763588,-1.4613698005352955,1.291714466997537,True
humanoid-run,1,identity,24,7.308425544136626,0.9643381409308515,0.9643629909871058,1.395055518114924,1.446608311551824,0.13714636438988342,-1.4478569955952607,1.342254040634587,True
humanoid-run,1,identity,25,7.026772697273745,1.0029915305355859,1.003017376652107,1.439782154966781,1.4354508590594082,-0.031707978706408256,-1.285613763212774,1.5939505467207882,True
humanoid-run,1,identity,26,6.782482293787062,1.0391171251298703,1.03914390216784,0.6235922063079535,0.6001018771385067,0.725670664450171,-0.7397793211393794,0.5074050914765276,False
humanoid-run,1,identity,27,6.592844684626936,1.069006451615365,1.069033998872216,0.6769351893718389,0.6332213849942807,0.7344993783130236,-0.6534430370782853,0.7004273416653926,False
humanoid-run,1,identity,28,6.2091071625536935,1.135073581088852,1.135102830831392,0.6775207623597184,0.5968805151014175,0.29924957727215645,-0.707324630242168,0.6477168944772687,True
humanoid-run,1,identity,29,5.8615042934882595,1.2023864778524327,1.2024174621828725,1.0484360269180397,0.871940120542416,0.07933484454251612,-1.0186685381104785,1.078203515725601,True
humanoid-run,1,identity,30,5.8236521530946295,1.2102016599015337,1.210232845621617,0.8788430328610852,0.7261768146853438,-0.707718997445874,-0.8758019657929432,0.8818840999292273,True
humanoid-run,1,identity,31,5.468916564225718,1.2887001327587595,1.2887333413081627,1.3264348590165844,1.0292547080920182,-1.009186462656102,-1.3306079967327458,1.322261721300423,True
humanoid-run,1,identity,32,5.276726431936432,1.3356374625958938,1.3356718806746497,0.8991122469800858,0.6731535341793248,0.9162099968778532,-0.9206505999120593,0.8775738940481123,False
humanoid-run,1,identity,33,5.028564958447664,1.4015516475579028,1.4015877641811147,1.2136474155076389,0.8659089687592407,1.3693683288070013,-1.1781076894492823,1.2491871415659952,False
humanoid-run,1,identity,34,4.680988247236455,1.5056208497265748,1.5056596481119386,1.689006805449277,1.1217719805184734,0.6721914134441128,-1.6617846729406198,1.716228937957934,True
humanoid-run,1,identity,35,4.631933976006379,1.521566054022389,1.5216052633001638,1.782435939257029,1.1714180952497217,0.26731741600133346,-1.5962448379358518,1.968627040578206,True
humanoid-run,1,identity,36,4.573084858420339,1.541146451587769,1.541186165433352,1.5178485387188594,0.9848573603644238,1.3425572069007772,-1.2478311868592913,1.7878658905784275,True
humanoid-run,1,identity,37,4.098823588891258,1.7194673909522187,1.7195116999550248,1.0364822040528376,0.6027770582078317,0.8286767552318806,-0.8047975872023634,1.2681668209033117,True
humanoid-run,1,identity,38,3.251934771142974,2.1672616452534617,2.1673174934788064,2.3937849517100744,1.1044920547694008,-0.5495270636196288,-2.760778993903898,2.026790909516251,True
humanoid-run,1,identity,39,3.081270089138538,2.2873014369002247,2.287360378434285,3.604761828440376,1.5759483562043084,-0.8359785214561367,-4.293998134594968,2.915525522285784,True
humanoid-run,1,identity,40,2.835637777608404,2.4854350432262957,2.4854990904707424,3.589319633057462,1.4441041828656076,2.0730599220633272,-2.9963361439821394,4.182303122132785,True
humanoid-run,1,identity,41,1.8927651991355035,3.723543472578242,3.723639424673089,3.256643108197067,0.8745860532623883,0.26289798860244057,-3.422986691390024,3.090299525004109,True
humanoid-run,1,identity,42,1.6353235815937681,4.3097241314746775,4.309835188875151,4.765253082902465,1.1056694453660016,-0.6249799407509394,-3.8935849158917133,5.636921249913216,True
humanoid-run,1,identity,43,1.600809235905596,4.402644202872333,4.402757654732701,5.754318389780931,1.3069804974605819,0.07495903636284885,-6.005388668294753,5.5032481112671086,True
humanoid-run,1,identity,44,1.3556818423356654,5.198707604006718,5.198841569646913,9.409837035133439,1.8099872652538866,-4.9193233988548135,-12.359507110048323,6.460166960218556,True
humanoid-run,1,identity,45,1.3193665206718206,5.341801077971517,5.341938730991398,10.843366518943752,2.0298560251235522,3.447085026598219,-7.856598544625716,13.830134493261786,True
humanoid-run,1,identity,46,0.8635196292836326,8.161706188672332,8.161916507905088,7.497693813701424,0.9186192736031614,0.3644924741339659,-7.330336880642174,7.665050746760674,True
humanoid-run,1,identity,47,0.7637557734140864,9.227810443723023,9.22804823542584,9.316234397591842,1.0095563178600933,0.22498033095281308,-7.8930379258031795,10.739430869380506,True
humanoid-run,1,identity,48,0.6728146020314014,10.475089989255805,10.47535992213978,23.55415656202399,2.2485295719760465,0.7719833224807311,-17.800221350377853,29.30809177367013,True
humanoid-run,1,identity,49,0.617737182759578,11.409048538862598,11.409342538950291,17.212845368909964,1.5086623361641678,1.0361282604750708,-18.75127213344921,15.674418604370718,True
humanoid-run,1,identity,50,0.5899449048206723,11.94652830251429,11.946836152932903,15.94289263067715,1.334486589301991,-0.34709572591186083,-14.915559020875866,16.970226240478432,True
humanoid-run,1,identity,51,0.4940895942385468,14.264201441493181,14.264569016095091,14.387439282675466,1.008613668344395,0.5603539423143759,-13.752848375083158,15.022030190267776,True
humanoid-run,1,identity,52,0.4612300948772599,15.280428533701345,15.280822295487322,17.783773833824874,1.163796914193336,-0.3389643781420948,-16.130516180909353,19.4370314867404,True
humanoid-run,1,identity,53,0.4495134799632571,15.678714469119686,15.67911849434695,16.180978250991608,1.032008161480864,-1.123421348611001,-16.58123368885985,15.780722813123367,True
humanoid-run,1,identity,54,0.43659332986455923,16.142696235305838,16.143112216892096,12.313586930655337,0.7627765182583841,0.12565871120108082,-13.639995544759778,10.987178316550898,True
humanoid-run,1,identity,55,0.42176630494230666,16.71018623293847,16.71061683819018,41.19085191696661,2.464951013826712,-1.3424851250248864,-26.347227286469625,56.0344765474636,True
humanoid-run,1,identity,56,0.4048901914490799,17.406678776634703,17.40712732982206,18.66612473343794,1.072326546463468,1.8305305276707302,-20.84209850892852,16.490150957947357,True
humanoid-run,1,identity,57,0.3759132022555867,18.748459644608076,18.748942774183753,23.817541016471747,1.2703404828387002,0.4911501675926439,-17.5385477379008,30.096534295042694,True
humanoid-run,1,identity,58,0.3554806223472532,19.826097568490205,19.826608467747405,29.39292638376657,1.4824989574783307,-0.33675509820240734,-34.632705871241576,24.153146896291563,True
humanoid-run,1,identity,59,0.327858116215786,21.49647409590319,21.497028039139387,30.773716401953266,1.4315335285381738,-1.4269236985918676,-33.168563015932556,28.378869787973976,True
humanoid-run,1,identity,60,0.31684550940100226,22.24362755113097,22.244200747785236,19.519249175207534,0.8774983375004376,1.5669400449640518,-17.640002499412468,21.398495851002597,True
humanoid-run,1,identity,61,0.20895676657545836,33.72847703316258,33.729346183221146,32.14490801844208,0.9530249369148088,0.42577652704311775,-39.067262243262796,25.222553793621366,True
humanoid-run,1,identity,62,0.19553833474331492,36.043027121080726,36.0439559148446,42.00607596236715,1.1654124775207335,1.7961092324306902,-39.667081670027436,44.34507025470687,True
humanoid-run,1,identity,63,0.14658971022343353,48.078364379204665,48.07960331190759,34.156462486538004,0.7104148148842708,-3.3415328459976155,-34.895239837237156,33.41768513583885,True
humanoid-run,1,identity,64,0.13246434620936492,53.20521109299068,53.20658213954843,46.615133917799156,0.8761159248218304,4.067715470190151,-44.582086081644555,48.64818175395375,True
humanoid-run,1,identity,65,0.12813387214981417,55.003360033668365,55.00477741677602,44.88152051025766,0.8159567699035748,-0.326327970035315,-36.22425582740776,53.53878519310756,True
humanoid-run,1,identity,66,0.11218263456941334,62.824282291243726,62.82590121191354,47.21414340777207,0.7515076186255957,-6.4794706586813495,-49.4854722746004,44.94281454094375,True
humanoid-run,2,identity,0,19.30296536144114,0.3625688713830537,0.36257834608850986,0.24946836269880962,0.6880398826627978,-0.13526565872426127,-0.25442915587649034,0.2445075695211289,True
humanoid-run,2,identity,1,18.15591035280985,0.38547526559915873,0.3854853388980287,0.4479509013535496,1.162043938257389,-0.09998291905315844,-0.4364734013102434,0.45942840139685576,True
humanoid-run,2,identity,2,16.254736857158306,0.4305609144550258,0.43057216593899894,0.6030176429233974,1.4005030761993789,0.5288662976672395,-0.5478041571665682,0.6582311286802267,True
humanoid-run,2,identity,3,15.581345404334135,0.44916880948529225,0.4491805472336371,0.5449241649797506,1.2131517456305012,0.29302170369104674,-0.6033990233993984,0.48644930656010277,True
humanoid-run,2,identity,4,15.49088370889881,0.4517918084572208,0.451803614750178,0.48141953879473465,1.0655504362463601,-0.08476270949153328,-0.4216017071315642,0.5412373704579051,True
humanoid-run,2,identity,5,14.582652981235134,0.4799301179593122,0.4799426595668962,0.4400689388292143,0.9169198237688139,-0.6451317395477897,-0.4561961936697646,0.42394168398866394,False
humanoid-run,2,identity,6,13.874008553687387,0.5044435671465558,0.504456749343361,0.7300616370744402,1.4472234498294323,0.04961010185137651,-0.7725699405935206,0.6875533335553599,True
humanoid-run,2,identity,7,13.539156093893858,0.5169195418760463,0.5169330500969401,0.4478453010736539,0.8663506831100657,-0.31998883233556835,-0.37493048138308416,0.5207601207642236,True
humanoid-run,2,identity,8,12.26341926164506,0.5706935574919803,0.5707084709437124,0.5807856760891421,1.0176573603836059,-0.41321907259984436,-0.6466684344830066,0.5149029176952775,True
humanoid-run,2,identity,9,11.90145529728099,0.588050300625236,0.5880656676460468,0.8353395144529194,1.4204867932465413,-0.5193700103157335,-0.8324784975223064,0.8382005313835326,True
humanoid-run,2,identity,10,11.75590800598118,0.5953308210546656,0.5953463783311553,1.0853317293632632,1.8230256685286468,-0.262848234310696,-1.111486490244918,1.0591769684816081,True
humanoid-run,2,identity,11,11.621751670203196,0.6022030554471078,0.6022187923098823,0.6849389949779314,1.1373590524313695,0.5770398139517015,-0.5696638607705045,0.8002141291853584,True
humanoid-run,2,identity,12,11.09124355956011,0.6310071839880745,0.6310236735647613,1.1329980778896602,1.7954921904738679,0.2749460946158379,-1.2856195421936027,0.9803766135857175,True
humanoid-run,2,identity,13,10.766781880502384,0.6500228613452075,0.6500398478424974,0.7705964430747666,1.1854603154443537,0.31143216046962213,-0.7852522243952484,0.7559406617542848,True
humanoid-run,2,identity,14,10.58226915800476,0.6613566769987033,0.6613739596730049,0.5794182252321414,0.8760826106891418,-0.6499755689469899,-0.5386360754386883,0.6202003750255943,False
humanoid-run,2,identity,15,9.937569907935519,0.704262151640836,0.7042805555275934,0.46623952029037125,0.6620082247494397,-0.036189860408952446,-0.4241058325627529,0.5083732080179896,True
humanoid-run,2,identity,16,9.602669626433174,0.7288238206361662,0.728842866372232,0.7632258457070578,1.0471747490730956,0.14062636696551012,-0.8430650969689756,0.6833865944451398,True
humanoid-run,2,identity,17,9.495400240848216,0.7370573317527381,0.7370765926481813,0.61362686302604,0.8325143806580413,-0.8008167467320726,-0.6685570034609859,0.558696722591094,False
humanoid-run,2,identity,18,8.706039070436779,0.803885016919959,0.8039060241667394,0.5162650474116441,0.6421957690225802,-0.6307437664192869,-0.46216148901945275,0.5703686058038354,False
humanoid-run,2,identity,19,8.497782711089478,0.8235859404019303,0.8236074624762701,0.40409118644297665,0.49063565454838187,0.25938628533523,-0.4665880058617286,0.3415943670242247,True
humanoid-run,2,identity,20,8.314941564471006,0.8416961575952031,0.841718152928521,1.0427552729506377,1.2388413738288342,0.6845648619517044,-0.9583316047105077,1.1271789411907676,True
humanoid-run,2,identity,21,8.133843650465757,0.8604363036955031,0.8604587887491983,1.1345972979067125,1.3185957453651143,-0.11422545361109597,-1.1073499201913226,1.1618446756221021,True
humanoid-run,2,identity,22,7.9071101424720585,0.8851090018148972,0.8851321316193305,1.0999127266931765,1.2426537094308276,0.2666985653409117,-1.2985102567576057,0.9013151966287473,True
humanoid-run,2,identity,23,7.71883299959576,0.9066985081566626,0.9067222021413928,0.8469496200769827,0.9340783958711433,0.38592114139127065,-0.8512405894025645,0.8426586507514009,True
humanoid-run,2,identity,24,7.229487299390482,0.968070635663742,0.9680959334343388,1.1273150767134303,1.164466286635725,-0.18265268330632112,-1.0491846300423626,1.205445523384498,True
humanoid-run,2,identity,25,7.046884140911473,0.9931558722261976,0.9931818255280508,1.2693049616624301,1.278018716248227,-1.0086305406723195,-1.302851634805609,1.2357582885192515,True
humanoid-run,2,identity,26,6.975504258243986,1.0033187718540273,1.0033449907343346,1.2121328186914373,1.208091762938183,0.13773389200209668,-1.0984536019352478,1.3258120354476268,True
humanoid-run,2,identity,27,6.8000448115761145,1.0292070948605623,1.0292339902585046,0.8610414613287661,0.8365847508713787,-1.0962029692272621,-0.9163175010556894,0.8057654216018428,False
humanoid-run,2,identity,28,6.511741733467239,1.0747745613856514,1.0748026475596302,0.9934746837952514,0.9243321888450533,0.13993982242683126,-1.0650740324573953,0.9218753351331075,True
humanoid-run,2,identity,29,6.347868685338057,1.1025203438138196,1.102549155044848,0.6490731841954251,0.5887022644074522,-0.35151847875925313,-0.6346903926546441,0.6634559757362063,True
humanoid-run,2,identity,30,6.098733854019397,1.1475585806767743,1.147588568853929,0.8314480592943212,0.7245175508541967,0.718861121783749,-0.8703353056728267,0.7925608129158157,True
humanoid-run,2,identity,31,5.897636976025668,1.1866878876902636,1.1867188984004806,1.6944104750847817,1.4278111500276884,-0.13708320365794588,-1.5625727360499804,1.826248214119583,True
humanoid-run,2,identity,32,5.672840119659128,1.2337126056470689,1.2337448452144417,1.3368189703726228,1.0835457392652899,0.6275238754273444,-0.9940378309657169,1.6796001097795288,True
humanoid-run,2,identity,33,5.427975192736443,1.2893674191454094,1.2894011130929202,1.5208835599550472,1.1795271033285089,0.02104087138600631,-1.7606517247449454,1.2811153951651493,True
humanoid-run,2,identity,34,4.973018602189373,1.4073251932664668,1.407361969704655,1.3654454593093241,0.9702162547392641,0.420618055098584,-1.080212439888997,1.6506784787296511,True
humanoid-run,2,identity,35,4.55488376347321,1.5365165674627992,1.5365567199498287,1.2329339127213441,0.8024005210569783,-0.06720140462481794,-1.2376000511781817,1.2282677742645065,True
humanoid-run,2,identity,36,4.463599327665751,1.5679396495258133,1.5679806231656515,1.1343998328618268,0.7234782216705885,0.20218131933905106,-1.0856421917510233,1.18315747397263,True
humanoid-run,2,identity,37,4.252003466423468,1.6459662887647513,1.6460093014087136,1.2320293456624878,0.7484947652531933,0.2147870183123821,-1.4269926972596132,1.0370659940653626,True
humanoid-run,2,identity,38,3.8081749581992117,1.8377974862671167,1.837845511873407,1.3679599264204751,0.7443280284347981,0.8587145334120327,-1.1055611982211981,1.6303586546197522,True
humanoid-run,2,identity,39,3.59436286333961,1.947119595749794,1.9471704781782473,0.8796807737868981,0.45177388608003055,-0.2764931813382136,-0.9417310536307693,0.8176304939430269,True
humanoid-run,2,identity,40,3.43684159717779,2.03636221442121,2.036415428951487,1.262985052663128,0.6202000999930628,1.5653163643000347,-1.0012502109255257,1.5247198944007305,False
humanoid-run,2,identity,41,2.033467574542196,3.441733939140649,3.441823879060775,4.028578478122856,1.1704778105096412,0.6661785302298316,-3.9638298593151444,4.093327096930568,True
humanoid-run,2,identity,42,1.839968695461685,3.8036812162653617,3.803780614647348,5.724136563250372,1.5048545494995806,5.204031142249391,-6.044805400554536,5.403467725946207,True
humanoid-run,2,identity,43,1.7491407736042293,4.001195599038416,4.001300158896601,4.8505736225144425,1.2122493764256959,1.5119425848610717,-4.737087132999496,4.96406011202939,True
humanoid-run,2,identity,44,1.644410177561836,4.256027152435157,4.256138371590649,5.389498749291656,1.2662884236250609,-0.7901882997939682,-5.198855780235299,5.580141718348014,True
humanoid-run,2,identity,45,1.5888178693296773,4.4049443932781465,4.4050595039618585,7.90447335601693,1.7944078505427088,-7.9221206462085565,-11.478532100371377,4.3304146116624835,True
humanoid-run,2,identity,46,1.0336364951240349,6.770904857228425,6.771081795554519,10.907334669731057,1.6108703157141226,-0.22941100704894846,-8.834043409539895,12.980625929922219,True
humanoid-run,2,identity,47,0.9030201246789178,7.750275076020447,7.750477607399576,9.165270695078798,1.1825426972820983,-0.1892566339946926,-9.79670520948782,8.533836180669775,True
humanoid-run,2,identity,48,0.7864830702251218,8.898671351489623,8.898903892936678,15.133406372321891,1.7005921801598196,0.5739075488017269,-15.287504523417864,14.979308221225919,True
humanoid-run,2,identity,49,0.6842740364690023,10.227853158887072,10.228120434717336,13.35535949657254,1.3057491434340573,1.0007189638100396,-12.873087310362397,13.837631682782682,True
humanoid-run,2,identity,50,0.6124271301307698,11.42773404559901,11.428032676900976,13.86199401458803,1.2129816571671799,-0.10010149692893572,-16.127134683748537,11.596853345427522,True
humanoid-run,2,identity,51,0.5666051939472289,12.351906477750568,12.352229259668553,10.754296927286159,0.8706361176763593,0.6791688641024631,-9.75213240504522,11.7564614495271,True
humanoid-run,2,identity,52,0.5374413610498813,13.022172971153834,13.022513268578791,17.923075835894604,1.3763146534194803,-1.0394740906825675,-20.813079078200047,15.033072593589162,True
humanoid-run,2,identity,53,0.5131138081035149,13.639575187639451,13.639931619113991,21.84825587028473,1.6017863197839057,-0.380967561838014,-16.325927501044145,27.370584239525318,True
humanoid-run,2,identity,54,0.49294384644507205,14.19767061890637,14.198041634616484,21.948972828623305,1.5459155138064355,0.31630327628097826,-22.45481668177295,21.443128975473662,True
humanoid-run,2,identity,55,0.40917983016850584,17.104103989098757,17.10455095617228,15.006679671683194,0.8773501105135967,0.20125723160633913,-14.041230097331095,15.972129246035294,True
humanoid-run,2,identity,56,0.38977988444338124,17.955401611959033,17.955870825272825,16.724582408567603,0.9314269729000173,-0.8327142739693552,-19.28843596410791,14.160728853027292,True
humanoid-run,2,identity,57,0.3676932969773731,19.033946016901616,19.034443414903535,41.94363013379646,2.2035648334721234,-1.899677498409567,-41.69091898062505,42.19634128696787,True
humanoid-run,2,identity,58,0.3139314223567092,22.29357709051364,22.294159669695606,27.251274876021483,1.2223503948912715,0.5300159853373887,-29.33402853304945,25.168521218993515,True
humanoid-run,2,identity,59,0.31189419411589253,22.439194116076933,22.439780500545385,29.480102350958067,1.3137429018185616,1.666174667558361,-24.83594088415319,34.124263817762944,True
humanoid-run,2,identity,60,0.2659894396786991,26.311775286635026,26.31246286998968,15.92059037936965,0.6050589204831776,2.273252360569682,-19.3215937474934,12.5195870112459,True
humanoid-run,2,identity,61,0.25996772591771455,26.921243168696716,26.921946678759635,34.67193219203062,1.2878686896510874,-0.6781611833098826,-31.475489639442596,37.86837474461864,True
humanoid-run,2,identity,62,0.2134947891268529,32.78138259986046,32.78223924798744,48.85328488742787,1.4902363599346575,-2.777780954171792,-49.35579137541248,48.35077839944326,True
humanoid-run,2,identity,63,0.17232440006219163,40.613252464062484,40.614313775816186,48.814205385792846,1.2018965937782085,2.1446672919731533,-56.28492649685653,41.34348427472916,True
humanoid-run,2,identity,64,0.16069149487571147,43.553359005447525,43.55449714851718,39.188410792424435,0.8997557854656258,2.4730880338515404,-34.0070457577026,44.36977582714627,True
humanoid-run,2,identity,65,0.14979460858105298,46.72167063781179,46.72289157568776,49.25362357566953,1.0541647127272114,-4.560859028426209,-55.1943328523785,43.31291429896056,True
humanoid-run,2,identity,66,0.13715708183536146,51.026562185427885,51.02789561939126,64.82545695074566,1.2703925208726645,0.9623543017439211,-47.566130992082094,82.08478290940923,True
humanoid-run,3,symlog,0,11.001558100204715,0.7790245886787779,0.7790381638909682,0.11401781827774879,0.1463571665196448,-0.5810564908784419,-0.15617756877783154,0.07185806777766604,False
humanoid-run,3,symlog,1,9.721389364363166,0.8816110488543419,0.8816264117289315,0.3276600993158384,0.3716541325857898,-0.1865571494406237,-0.22604941291093428,0.42927078572074245,True
humanoid-run,3,symlog,2,9.416764983821079,0.9101304204323442,0.9101462802829292,0.27636450502881116,0.3036484475252705,0.015507339154956267,-0.26129864092287175,0.29143036913475057,True
humanoid-run,3,symlog,3,8.79251414398634,0.9747478518074898,0.974764837675602,0.4064911746914348,0.4170146059645963,0.0838364599378539,-0.4592489462969334,0.35373340308593626,True
humanoid-run,3,symlog,4,7.780706501075469,1.1015046349136832,1.1015238296340624,0.46997015499515615,0.42665455104251815,-0.4073047073773206,-0.454553442635311,0.4853868673550013,True
humanoid-run,3,symlog,5,7.728443768015884,1.1089534363058382,1.1089727608283593,0.44505053050687327,0.4013178197221345,0.1681204948763818,-0.37823828570921064,0.5118627753045359,True
humanoid-run,3,symlog,6,7.481641357492858,1.1455352995842714,1.1455552615790396,0.3572544008136649,0.31186134165297574,1.0446122916547946,-0.29867659065915747,0.4158322109681723,False
humanoid-run,3,symlog,7,7.142518242333987,1.1999247300538987,1.1999456398339756,0.5305330978684116,0.44213094348325327,-0.13061787884945522,-0.6353290318482137,0.42573716388860966,True
humanoid-run,3,symlog,8,6.936150882392918,1.2356254094174066,1.2356469413143008,0.2755661935154588,0.2230136977657645,0.028852933540274343,-0.3149159175515074,0.23621646947941022,True
humanoid-run,3,symlog,9,6.802040432264007,1.2599872581152882,1.2600092145395603,0.3285835753476553,0.2607787082475648,-1.001054418001991,-0.35988700049084693,0.2972801502044637,False
humanoid-run,3,symlog,10,6.353758122541345,1.348884252208467,1.3489077577437383,0.5343581489371031,0.39614135649342075,0.15245305064676148,-0.5743915853151892,0.49432471255901705,True
humanoid-run,3,symlog,11,6.233445909232185,1.3749191696913816,1.374943128908773,0.7278580610624775,0.5293732124325344,0.6663359400610073,-0.7538307069763814,0.7018854151485736,True
humanoid-run,3,symlog,12,6.05998411215321,1.4142750402017843,1.4142996852310246,0.6356625908308281,0.4494539576504206,-0.2117993740974642,-0.6343870194423217,0.6369381622193345,True
humanoid-run,3,symlog,13,5.965633414669959,1.4366427968507358,1.4366678316584847,0.4668727409821015,0.32496916176033896,-0.12894424150614464,-0.3622593648363684,0.5714861171278347,True
humanoid-run,3,symlog,14,5.771564993776926,1.4849497983785347,1.4849756749797347,0.4163512288897434,0.28037579059699097,0.1572053659056233,-0.48160252995717967,0.3510999278223071,True
humanoid-run,3,symlog,15,5.435014660245167,1.5769017766459992,1.5769292555940746,0.5462296570035683,0.34638818137582705,0.7446682700894106,-0.4531346337571962,0.6393246802499403,False
humanoid-run,3,symlog,16,5.047465331278808,1.6979778386444644,1.6980074274530716,0.5533794892786651,0.3258993337318361,0.011119910343988626,-0.6432107468196171,0.46354823173771315,True
humanoid-run,3,symlog,17,4.833585815967232,1.7731110194683997,1.773141917541038,0.7674658526430984,0.4328282158640785,0.16189061716184824,-0.7417486176817599,0.7931830876044368,True
humanoid-run,3,symlog,18,4.75653977676682,1.8018317255959755,1.8018631241530465,0.7448633099556621,0.413385067917287,0.03920532429528755,-0.7134680087813662,0.7762586111299579,True
humanoid-run,3,symlog,19,4.707347956498374,1.8206608801897297,1.8206926068619496,0.4954602671494205,0.2721273570739488,0.46539521804683615,-0.5701334853022588,0.4207870489965822,False
humanoid-run,3,symlog,20,4.582916054015233,1.8700941000934965,1.8701266881845457,0.5738126934849507,0.30683092065917106,-0.0451204913759769,-0.5897439196097903,0.557881467360111,True
humanoid-run,3,symlog,21,4.520912791353684,1.8957420037450932,1.8957750387741976,0.5236960859233672,0.27624379222863255,-0.44833416093875106,-0.4732385469152822,0.5741536249314522,True
humanoid-run,3,symlog,22,4.451959628433201,1.9251037720784332,1.9251373187630636,0.374800305059857,0.19468756924865657,0.23204301858620946,-0.42058811139097596,0.32901249872873806,True
humanoid-run,3,symlog,23,4.35025741722889,1.970109685899242,1.9701440168528652,0.6600052813664321,0.3350035711707683,-0.04991532705638096,-0.5817927529395333,0.7382178097933311,True
humanoid-run,3,symlog,24,4.241406523427146,2.0206703192677047,2.0207055312863638,0.9318787118644154,0.4611650225311104,0.453451066713474,-0.7834725484652493,1.0802848752635814,True
humanoid-run,3,symlog,25,4.177454920069776,2.0516042513498873,2.0516400024204535,0.6955708011986463,0.33903160416936506,-0.1961984234115311,-0.7239281430554595,0.6672134593418332,True
humanoid-run,3,symlog,26,3.993473801957144,2.1461225736944574,2.146159971832783,0.7428280231528301,0.3461195963497856,0.5071325051063402,-0.7574533105885016,0.7282027357171588,True
humanoid-run,3,symlog,27,3.86723309035852,2.2161799078532165,2.2162185268043255,0.421822266226893,0.19033423876080455,-0.3278274134873277,-0.4384858036535556,0.40515872880023035,True
humanoid-run,3,symlog,28,3.8219854574961185,2.242416767187911,2.2424558433401622,0.600279534181906,0.26768845235667305,0.10683199017955018,-0.6684348235365036,0.5321242448273084,True
humanoid-run,3,symlog,29,3.795287655682455,2.2581909597828735,2.2582303108147825,0.4402271203951039,0.19494341134597004,-0.6364935369686332,-0.5110304858923188,0.36942375489788903,False
humanoid-run,3,symlog,30,3.6398304829358925,2.354638303629099,2.3546793353437194,0.8060643687611239,0.34232447563543095,-0.6378373990815728,-0.9331859997765968,0.678942737745651,True
humanoid-run,3,symlog,31,3.5785311352460805,2.394972671726747,2.395014406304428,0.5327634676401375,0.22244687390511605,0.269725640756235,-0.5139782359209313,0.5515486993593437,True
humanoid-run,3,symlog,32,3.3677906829223825,2.544838762485281,2.544883108615936,0.6577527878331622,0.2584609036093955,-0.108330957057222,-0.6654067244798588,0.6500988511864654,True
humanoid-run,3,symlog,33,3.2909937557720355,2.6042238028577183,2.6042691838267285,1.1843067479326135,0.4547558890177344,-0.08646237064639345,-1.359262501974259,1.0093509938909677,True
humanoid-run,3,symlog,34,3.226985336638546,2.6558795221441174,2.655925803261032,0.8299109601755112,0.31247520512678467,-0.36192988207602667,-0.959745284994842,0.7000766353561804,True
humanoid-run,3,symlog,35,3.1180116882752507,2.748701778785979,2.748749677415161,0.9355682542442288,0.34036138755421635,-0.05127849143236228,-0.9985879885270987,0.872548519961359,True
humanoid-run,3,symlog,36,3.0139101089290348,2.843642963486757,2.8436925165524563,0.9449672500497073,0.3323028929989013,0.17996595231046658,-1.0379854368205517,0.851949063278863,True
humanoid-run,3,symlog,37,2.787852112349988,3.0742248614519454,3.0742784326169925,1.0782762218590727,0.35074123749460956,0.2973581957224565,-0.9180005655025933,1.2385518782155518,True
humanoid-run,3,symlog,38,2.6416111828088997,3.244415502785848,3.244472039677655,0.6845502565392658,0.21098972287869594,0.1531901644559196,-0.6766648439961226,0.692435669082409,True
humanoid-run,3,symlog,39,2.3735822491287095,3.610780404590443,3.610843325723973,1.4892864838868909,0.41244838104081666,0.3950991668808271,-1.4090510296967806,1.5695219380770014,True
humanoid-run,3,symlog,40,2.319835095429823,3.6944368548962316,3.6945012338195125,1.5825854571219218,0.42836241131412106,0.15655934782091402,-1.6101183767482787,1.5550525374955648,True
humanoid-run,3,symlog,41,2.2020250361369738,3.8920921121191743,3.892159935365138,1.4049573360037544,0.3609711212630192,-0.5258043706643671,-1.5218168403446681,1.2880978316628406,True
humanoid-run,3,symlog,42,2.151260345210358,3.983936343604011,3.9840057673192613,1.6061194483058787,0.4031418482073626,0.3615941482444539,-1.4761038833592357,1.736135013252522,True
humanoid-run,3,symlog,43,1.9743938209704153,4.340818018578107,4.340893661281238,2.620757691706705,0.6037369021689359,2.16576322582231,-1.7852036457406104,3.4563117376727996,True
humanoid-run,3,symlog,44,1.928778824643786,4.443476962901894,4.443554394530515,1.688489860109635,0.3799863150517443,-0.32659993044577135,-1.4917847547542733,1.8851949654649967,True
humanoid-run,3,symlog,45,1.8984625654336618,4.514434168934965,4.514512837057455,2.907820339160864,0.6441050106873042,-0.2176787566413629,-2.390603606055396,3.4250370722663317,True
humanoid-run,3,symlog,46,1.6835962613656619,5.090581673592956,5.090670381609885,3.695511384103102,0.7259380606242326,-0.03197255649490985,-3.7108197941429157,3.6802029740632887,True
humanoid-run,3,symlog,47,1.6309818719204343,5.2548004495881715,5.2548920192666655,2.735043111466307,0.5204756066230243,0.018770339012895258,-2.7171370219980178,2.752949200934596,True
humanoid-run,3,symlog,48,1.5539724629513032,5.5152098754443815,5.515305982994036,2.6177786221130575,0.47463887410503586,-0.12068808028281443,-2.4046374652134124,2.830919779012702,True
humanoid-run,3,symlog,49,1.5098801501480947,5.6762679296082075,5.676366843740978,3.330367955578657,0.5867076683479104,0.41841204289395884,-3.1825752858034324,3.478160625353882,True
humanoid-run,3,symlog,50,1.4676219184317576,5.839708555862762,5.839810318097141,2.297946960687029,0.39349684930105716,0.13406327571441853,-2.1041649672658145,2.491728954108244,True
humanoid-run,3,symlog,51,1.3710689036195878,6.250950810139294,6.251059738644096,2.914521248460339,0.4662443442097902,-0.08925879387247557,-2.9236044312730844,2.905438065647594,True
humanoid-run,3,symlog,52,1.3577579637497486,6.312232741517766,6.3123427379159684,4.78350210883071,0.7578013912485988,0.2794360400612241,-5.409389044180572,4.157615173480848,True
humanoid-run,3,symlog,53,1.3350995931069887,6.419359513017885,6.419471376197542,2.945231528591358,0.45879658245877447,0.09023289485674697,-2.7172494726544554,3.173213584528261,True
humanoid-run,3,symlog,54,1.3211475603956904,6.487151421050009,6.487264465565343,3.530481539439961,0.5442172980891864,-0.058221449620949044,-4.208478683471745,2.8524843954081764,True
humanoid-run,3,symlog,55,1.2022390336744766,7.128768933448418,7.12889315873263,4.584064938680348,0.6430261804478075,0.22581217378225643,-4.195454448728732,4.972675428631964,True
humanoid-run,3,symlog,56,1.1967472554496088,7.161482288603862,7.1616070839480575,3.310498177832737,0.4622563258535712,0.29595002122801467,-2.728581535335597,3.892414820329877,True
humanoid-run,3,symlog,57,1.1735457214309881,7.3030680588968035,7.303195321501846,3.427208984900231,0.4692752739078395,0.33639669581268866,-3.453824076316797,3.4005938934836655,True
humanoid-run,3,symlog,58,1.1334469989068547,7.561433646304945,7.561565411165401,4.457685096616596,0.5895188171002769,-0.5601191386476395,-4.429499769256753,4.485870423976439,True
humanoid-run,3,symlog,59,1.1205005340194483,7.648799811896296,7.648933099191654,4.495086219644305,0.5876749294773345,-0.3179985441958992,-4.640784309464915,4.349388129823695,True
humanoid-run,3,symlog,60,1.0374368755695689,8.261210369192176,8.26135432829866,4.707095986094206,0.5697729208842182,-0.07943619091260111,-5.13431617141341,4.2798758007750015,True
humanoid-run,3,symlog,61,1.034754037455884,8.282629459373386,8.282773791727001,2.8311562235091565,0.3418125732634364,0.21426898492120416,-3.057734574970372,2.604577872047941,True
humanoid-run,3,symlog,62,0.9067897368982651,9.451457074441059,9.45162177467924,4.2936835497335775,0.4542800856924147,-0.31247378643994456,-4.381886914222435,4.205480185244719,True
humanoid-run,3,symlog,63,0.8472673743441833,10.115442342473687,10.115618613259233,4.32434254056732,0.42749165482564844,-0.2363704782704838,-4.744176486286522,3.9045085948481186,True
humanoid-run,3,symlog,64,0.7608004363393069,11.265088536325882,11.265284840742261,2.1647873403085396,0.19216445663933193,-0.4480973777739209,-2.086573813634093,2.243000866982986,True
humanoid-run,3,symlog,65,0.6746898370478307,12.702850707428203,12.703072066158459,4.447396187200988,0.3501039877628536,-0.40399627277036504,-4.488345001414423,4.406447372987555,True
humanoid-run,3,symlog,66,0.3885023929151315,22.060312703684893,22.060697124703587,3.9527137377504955,0.17917447102450101,-0.6360303342217191,-4.0339408089939095,3.871486666507081,True
dog-run,1,identity,0,67.81412053509834,0.16076085099649023,0.1607625823552428,0.150428342944383,0.9357173836134092,-0.28865791311424055,-0.1945889748040419,0.10626771108472413,False
dog-run,1,identity,1,47.32923149882153,0.23034085662414405,0.2303433373441435,0.33141175380396715,1.43877291014857,0.33269990836383173,-0.4149592317079894,0.24786427589994486,False
dog-run,1,identity,2,46.50471199952383,0.2344247552143232,0.23442727991700604,0.24119755460259404,1.0288800633099735,0.5024908534792941,-0.22316390980995476,0.2592311993952333,False
dog-run,1,identity,3,43.578711942083906,0.2501647075133734,0.25016740173185537,0.41014658440746027,1.6394885247562363,-0.27422598046947383,-0.47623290592626033,0.3440602628886602,True
dog-run,1,identity,4,41.95708661150061,0.25983347766126186,0.2598362760102567,0.5413501167886452,2.083427784222385,-0.09597706354790031,-0.5348125596916861,0.5478876738856044,True
dog-run,1,identity,5,40.393995961017524,0.2698880233914435,0.2698909300256683,0.4357788642712294,1.614648051454653,-0.2834280701548047,-0.45514711633182964,0.4164106122106292,True
dog-run,1,identity,6,39.89195397538297,0.27328457597059364,0.27328751918493743,0.3869099820172483,1.415761624135572,0.0008399108484105765,-0.41883318494061034,0.35498677909388626,True
dog-run,1,identity,7,37.66143842807952,0.28946997729839213,0.28947309482592265,0.35674035931917936,1.2323782959300882,0.03134900815821382,-0.3674223262702167,0.34605839236814206,True
dog-run,1,identity,8,35.22159320434425,0.3095219362608598,0.3095252697435462,0.3226356729558263,1.0423564874788496,0.16047584475769813,-0.3924099644688333,0.25286138144281933,True
dog-run,1,identity,9,34.287180377155906,0.3179571958639217,0.3179606201924859,0.23543983252526618,0.7404685284068714,0.27217766562218826,-0.261582811872737,0.20929685317779534,False
dog-run,1,identity,10,33.050304427366775,0.3298564390158496,0.3298599914966259,0.2910704851640473,0.8824061500863303,-0.7213521028436155,-0.2702076727329313,0.3119332975951633,False
dog-run,1,identity,11,30.327063111020635,0.3594761446860747,0.3594800161645197,0.1487146189234163,0.41369370267123706,-0.15375314340151036,-0.12852981644575287,0.16889942140107972,False
dog-run,1,identity,12,30.1180410432527,0.36197094330088575,0.36197484164775917,0.23198049420636022,0.6408746341330054,0.1740267969759108,-0.22047219852338398,0.24348878988933645,True
dog-run,1,identity,13,29.32937063525043,0.37170438678620105,0.37170838996010463,0.3181887486678656,0.8560171286475851,-0.5112983083702501,-0.24757172550005171,0.3888057718356795,False
dog-run,1,identity,14,29.083901886864474,0.37484157968930276,0.37484561665007904,0.2836156753393145,0.7566199596354668,-0.6104492157979011,-0.23708805266160546,0.33014329801702347,False
dog-run,1,identity,15,28.495327232860376,0.38258398079489747,0.3825881011396185,0.1356302197527699,0.3545071562569954,-0.23828002297390197,-0.12086034126749635,0.15040009823804343,False
dog-run,1,identity,16,27.766200639757944,0.39263044549173187,0.39263467403465213,0.39338128112796134,1.0019015312265653,-0.2789116400600981,-0.38910955112283324,0.3976530111330895,True
dog-run,1,identity,17,27.026778759017756,0.40337236723645653,0.40337671146749426,0.5091174205306194,1.2621388544679186,-0.03120285403675925,-0.4990365057398964,0.5191983353213423,True
dog-run,1,identity,18,26.1661566913864,0.4166395491466937,0.4166440362623414,0.615005462737662,1.4760932815810703,0.1003981437434181,-0.6676482649539256,0.5623626605213985,True
dog-run,1,identity,19,25.914015406704852,0.42069341843411445,0.4206979492090366,0.25869830251937576,0.6149264644759027,0.3263604691372712,-0.26286333626978137,0.25453326876897014,False
dog-run,1,identity,20,25.49727784430597,0.4275693975400423,0.42757400236773635,0.32570733314280104,0.7617566347326128,-0.21865352909016691,-0.32662875576303635,0.3247859105225657,True
dog-run,1,identity,21,25.32169172749267,0.43053425672047163,0.4305388934790424,0.27436375267318747,0.6372566028963021,0.11789574313059499,-0.2730327669806356,0.2756947383657393,True
dog-run,1,identity,22,24.987780968229746,0.4362874694900654,0.43629216820946287,0.618473249629406,1.4175667011571897,0.14148888801291012,-0.6382126277218646,0.5987338715369473,True
dog-run,1,identity,23,24.816888074179072,0.4392918118587114,0.4392965429342105,0.40394210029640915,0.9195203258335314,-0.015355499539453886,-0.4160334063608008,0.3918507942320175,True
dog-run,1,identity,24,24.340280510649812,0.4478935944074675,0.44789841812225933,0.4088910582217957,0.9129102530346154,0.29752813830559055,-0.40096057455943956,0.41682154188415194,True
dog-run,1,identity,25,23.76066704531524,0.4588194307007232,0.4588243720843516,0.40640720939176056,0.8857576757431828,-0.11069343686377177,-0.4507563535871089,0.36205806519641215,True
dog-run,1,identity,26,23.489759908029693,0.464110990043551,0.4641159884161008,0.3712610020568936,0.7999315070439708,-0.0386001083913991,-0.35811901466336277,0.3844029894504245,True
dog-run,1,identity,27,23.21284034327992,0.4696476418042931,0.4696526998053563,0.27545104326409586,0.5864994353875839,-0.0036745389722696105,-0.29490187054741634,0.25600021598077544,True
dog-run,1,identity,28,22.763011812633398,0.4789285274082438,0.47893368536238895,0.2430868476014415,0.5075584679693347,0.1766347049620796,-0.2618256232491906,0.22434807195369239,True
dog-run,1,identity,29,22.31300400568557,0.48858753953627554,0.4885928015158419,0.4092239483831692,0.8375562372461616,-0.29619211792246847,-0.5031524688352104,0.3152954279311281,True
dog-run,1,identity,30,21.88251702504911,0.4981993485631256,0.49820471405974603,0.33659206772387457,0.675609961577982,-0.2914808723365476,-0.3736632873578739,0.2995208480898752,True
dog-run,1,identity,31,20.95460109913884,0.5202607138748635,0.5202663169675011,0.5698989362331149,1.0953984865960757,0.2737290921810405,-0.5670050345087247,0.5727928379575051,True
dog-run,1,identity,32,20.754961841355946,0.5252650334956598,0.5252706904837109,0.41367832210329286,0.7875526458983368,-0.45953690311104883,-0.42444628539025725,0.4029103588163285,False
dog-run,1,identity,33,20.488415267515805,0.5320985339498543,0.5321042645331919,0.41067763404046825,0.7717991781192551,-0.15938097710356922,-0.41796418687590237,0.40339108120503414,True
dog-run,1,identity,34,20.089396975784346,0.5426671462534197,0.5426729906583698,0.35695179576473424,0.6577659141128085,-0.24082515234912766,-0.35404562080475926,0.3598579707247092,True
dog-run,1,identity,35,19.75901347561184,0.5517408923404459,0.5517468344676321,0.5613447459921006,1.0173954990312348,-0.43761258322773794,-0.5923643083232186,0.5303251836609825,True
dog-run,1,identity,36,19.408728775625228,0.5616985972049982,0.5617046465744593,0.7608746511675775,1.3545813726266127,-0.017589959008084098,-0.8221021845751948,0.69964711775996,True
dog-run,1,identity,37,19.21249845682595,0.5674356071543462,0.5674417183101338,0.5479835492575527,0.9657089557839906,0.5806263190234556,-0.5263940897686525,0.5695730087464528,False
dog-run,1,identity,38,18.924818919495948,0.576061296711807,0.5760675007643608,0.5983329850794279,1.0386508252687818,0.32123991041656935,-0.6251887914916718,0.571477178667184,True
dog-run,1,identity,39,18.275466435095396,0.5965295477146089,0.5965359722056912,0.7303278368252835,1.2242813021399144,0.26241969803748955,-0.798395984059175,0.6622596895913919,True
dog-run,1,identity,40,18.13359834538222,0.6011964927841894,0.6012029675372369,0.43099462927338716,0.7168870623491933,0.34373648462873657,-0.38541386566093266,0.4765753928858416,True
dog-run,1,identity,41,17.669134624324904,0.6169999809607262,0.6170066259138404,0.8377075204159266,1.3576961498188274,0.21557229094017422,-0.8350332194560004,0.8403818213758528,True
dog-run,1,identity,42,17.35910630600673,0.6280194115193954,0.6280261751493359,0.7705258969870259,1.2269009278216876,0.14444957044814427,-0.8138090980952017,0.72724269587885,True
dog-run,1,identity,43,17.31361055052012,0.629669686457945,0.6296764678609806,0.4612827608298249,0.7325710652596064,-0.007046317615395686,-0.48589334521854927,0.43667217644110046,True
dog-run,1,identity,44,16.691989016677034,0.653119033082809,0.6531260670301123,0.6863630887672981,1.0508891367455608,-0.30715365662509614,-0.7750599900270811,0.5976661875075151,True
dog-run,1,identity,45,16.323514804593444,0.6678620295509633,0.6678692222770735,0.5949618701589832,0.8908358857000244,-0.49520992837229383,-0.6625446614454779,0.5273790788724886,True
dog-run,1,identity,46,16.093476592122705,0.677408368813058,0.6774156643511271,0.5335451483811156,0.7876185574955369,0.23202201081338863,-0.5508154939903196,0.5162748027719115,True
dog-run,1,identity,47,16.00521540708257,0.6811439552370362,0.6811512910065429,1.1099007827451342,1.6294482553281584,-0.12911255357894313,-1.0738336290641655,1.145967936426103,True
dog-run,1,identity,48,15.91519043519458,0.6849968758584751,0.6850042531230842,0.7298987248446585,1.0655389678485798,-0.19664628439565657,-0.7572276762613878,0.7025697734279291,True
dog-run,1,identity,49,15.070721781149455,0.7233798012539171,0.7233875918941295,0.41424523188750517,0.5726463054236788,-0.250939957167568,-0.4035658419478245,0.4249246218271859,True
dog-run,1,identity,50,14.738008912644377,0.7397102140064387,0.739718180521579,0.8886272666623019,1.2013051592644732,0.3287465103134226,-0.9786947626565872,0.7985597706680164,True
dog-run,1,identity,51,14.500035419922657,0.7518502825049735,0.7518583797659621,0.504312257307952,0.6707543213988437,-0.6333728942962048,-0.5140815727374493,0.4945429418784549,False
dog-run,1,identity,52,14.207748403812086,0.7673176225358757,0.7673258863766907,0.6363401178248358,0.8292957778729855,-0.38625175720113536,-0.6386111947332929,0.6340690409163786,True
dog-run,1,identity,53,13.986472747111781,0.7794571171671725,0.7794655117476548,0.5317684529138533,0.6822219134770504,-0.3259103732938831,-0.5630365120725308,0.5005003937551757,True
dog-run,1,identity,54,13.806313686391807,0.7896282798171091,0.78963678393876,0.6481247956185023,0.8207885052993775,0.26244305017380704,-0.6710505770635905,0.6251990141734141,True
dog-run,1,identity,55,13.436096029053653,0.8113856661360007,0.8113944045798825,0.582970442720443,0.718479742317534,0.9056786093579242,-0.4876929069034119,0.6782479785374741,False
dog-run,1,identity,56,13.232563781880891,0.8238657229620676,0.8238745958133968,0.8636441863330242,1.048271412569001,-0.2935665873876381,-1.0065455474720015,0.7207428251940469,True
dog-run,1,identity,57,13.085097915959594,0.8331504889622744,0.8331594618084766,0.8217331855993577,0.9862856070981698,-0.21662742329345522,-0.6909932421111707,0.9524731290875447,True
dog-run,1,identity,58,12.877004417096177,0.8466142725187781,0.8466233903669468,0.7749381966262691,0.9153281204413598,0.42617190933248117,-0.6258408705633816,0.9240355226891566,True
dog-run,1,identity,59,12.64391451106735,0.8622215625752977,0.8622308485105227,0.7464855255584303,0.865760633417328,0.1982286230234871,-0.7996490173318872,0.6933220337849734,True
dog-run,1,identity,60,12.378587965893026,0.8807026905523535,0.880712175525233,0.48683359781778934,0.5527726439429033,-0.47503480528257974,-0.5101615289260552,0.4635056667095235,True
dog-run,1,identity,61,12.213498160519515,0.8926071452683012,0.8926167584495207,0.8419804738322934,0.9432720883426132,-0.1389838987191502,-0.7797783016969775,0.9041826459676092,True
dog-run,1,identity,62,12.049223751560032,0.9047766023424947,0.9047863465860706,0.7053663284879476,0.7795943552303012,0.25844794197756543,-0.7198916382081014,0.6908410187677937,True
dog-run,1,identity,63,11.921699669499743,0.914454820120329,0.9144646685961665,0.9049511737334736,0.9895966512546652,0.7725989305904717,-0.6355787818793093,1.1743235655876378,True
dog-run,1,identity,64,11.752586571621842,0.9276133096628217,0.9276232998526776,0.7733938280002124,0.8337369577963819,0.022971351075459067,-0.7683792297938995,0.7784084262065252,True
dog-run,1,identity,65,11.683404679661509,0.9331060616071052,0.9331161109526818,1.0339492527346001,1.1080606589023214,-0.4504970847787856,-1.0384972180207837,1.0294012874484166,True
dog-run,1,identity,66,11.441528865261473,0.9528320782287195,0.9528423400191255,0.808474173993166,0.8484868272928954,-0.8589862137664573,-1.0307309812944223,0.5862173666919097,True
dog-run,1,identity,67,11.240464381900244,0.9698759193931071,0.969886364741907,1.571081974338883,1.619861904911879,1.9113276341932846,-1.072419976248419,2.069743972429347,True
dog-run,1,identity,68,11.067042655386313,0.9850739774184439,0.9850845864469624,0.9422123703850718,0.9564786449288344,0.3963974802183411,-0.8538304591412621,1.0305942816288813,True
dog-run,1,identity,69,10.957867076669244,0.9948884806252554,0.9948991953537989,1.3188993323571165,1.3256612715302267,1.06127212486427,-1.1782901586611034,1.4595085060531297,True
dog-run,1,identity,70,10.601561769957302,1.0283254451900325,1.0283365200272774,1.686556815570364,1.6400825826215206,-2.6932799015296536,-2.3596993577975676,1.0134142733431604,False
dog-run,1,identity,71,10.445497107695592,1.043689507009596,1.0437007473143827,0.6930018356228115,0.6639851867558988,0.11499567076279675,-0.7050159138661273,0.6809877573794957,True
dog-run,1,identity,72,10.391280512961323,1.0491349659171259,1.049146264868299,1.3133648144193235,1.2518414814012537,1.8939913256005978,-1.0399387894981391,1.5867908393405081,False
dog-run,1,identity,73,10.051824613296825,1.0845648572478774,1.0845765377711318,0.9423296395052971,0.8688456800308806,-0.15546278469404132,-0.945062559570444,0.9395967194401503,True
dog-run,1,identity,74,9.96344426579509,1.094185447920604,1.0941972320554882,0.5010852270373181,0.4579478108311531,-0.23232444404291988,-0.4965404084658055,0.5056300456088307,True
dog-run,1,identity,75,9.885216152140206,1.102844445585609,1.1028563229759805,0.4994629172433077,0.45288122018971794,0.3673001309269808,-0.4872788538923731,0.5116469805942424,True
dog-run,1,identity,76,9.626863514086484,1.132441081235738,1.1324532773753182,1.088090620297613,0.9608260597024151,0.08291364989875859,-0.9766161444777478,1.1995650961174782,True
dog-run,1,identity,77,9.44959685840667,1.1536847433975266,1.1536971683266422,2.0403924448047017,1.7685684777784014,-2.850362319498912,-2.741381863793772,1.339403025815631,False
dog-run,1,identity,78,9.298007714815917,1.1724937278154117,1.1725063553131234,0.9382895027722238,0.8002425731173535,-0.21823372464370647,-0.9165564578412138,0.9600225477032339,True
dog-run,1,identity,79,9.19180161876619,1.1860412331510177,1.1860540065523608,1.6305428242179012,1.3747627133418545,2.4265317666460953,-1.1073271628544232,2.1537584855813794,False
dog-run,1,identity,80,8.99312843574917,1.212242859054953,1.212255914642003,0.8554427683342941,0.7056618639694728,-0.9869264974493953,-0.8581530611662254,0.8527324755023629,False
dog-run,1,identity,81,8.939995306103766,1.2194475895706287,1.2194607227510297,0.9466070785938727,0.776250567921847,0.5512789953276239,-0.8399096032612893,1.053304553926456,True
dog-run,1,identity,82,8.674250972167698,1.25680658327512,1.2568201188036077,0.6350863442449318,0.5053120448529128,-0.5315402689888812,-0.7649725216479669,0.5052001668418967,True
dog-run,1,identity,83,8.53424828937161,1.2774242507542155,1.2774380083304138,0.9261932470784722,0.7250396817995015,1.267085969910987,-0.6841754840069164,1.168211010150028,False
dog-run,1,identity,84,8.518014143448848,1.2798588430597433,1.2798726268559613,0.6704225688357349,0.523819757347764,-0.7341367416682655,-0.8173602622565138,0.523484875414956,True
dog-run,1,identity,85,8.369641342726064,1.302547538225831,1.3025615663742707,0.9066830787284358,0.6960769472511172,-0.39545119503287446,-1.0248558741858822,0.7885102832709894,True
dog-run,1,identity,86,8.088291548674295,1.3478564244618298,1.347870940576937,0.9657567848428065,0.7165053832449478,1.4153436977117624,-0.6601177565452903,1.2713958131403227,False
dog-run,1,identity,87,7.967394458992848,1.36830877182138,1.368323508203737,0.8682931197069139,0.6345671286805292,-0.9932691725523904,-0.9353254548700023,0.8012607845438254,False
dog-run,1,identity,88,7.838604020387321,1.3907904645325215,1.3908054430377284,1.3509450217960728,0.9713400451219155,-0.321697755679214,-1.3160667871111917,1.3858232564809536,True
dog-run,1,identity,89,7.6839690666411675,1.418779231443004,1.41879451138103,0.595988394363957,0.42006674651132686,-0.40659212641582265,-0.5915978955283879,0.600378893199526,True
dog-run,1,identity,90,7.4823625374864955,1.4570071514421923,1.4570228430864496,0.7129703370522891,0.4893336713527328,-0.09571478296242321,-0.7877312394527765,0.6382094346518017,True
dog-run,1,identity,91,7.202574640701897,1.513605380108713,1.5136216813033545,0.7850759148835904,0.5186738037523184,0.07929087297026638,-0.7788781641193381,0.7912736656478427,True
dog-run,1,identity,92,7.004541000456075,1.5563983030567083,1.5564150651216497,0.8503960308261012,0.546381264151818,-0.004962940268834357,-0.8688542905573771,0.8319377710948251,True
dog-run,1,identity,93,6.850169585428095,1.591472384857706,1.5914895246627399,0.7983190673961394,0.5016175444606304,0.8750632821245747,-0.7234248381685519,0.873213296623727,False
dog-run,1,identity,94,6.795292774103494,1.6043246537290308,1.604341931950154,0.9676772237539095,0.6031614610843287,-0.06601878288567387,-1.0046434047036066,0.9307110428042126,True
dog-run,1,identity,95,6.698137440503998,1.6275951073916257,1.6276126362303782,0.9056528810973543,0.5564302346502333,0.04291237115039703,-1.0013181855932167,0.8099875766014918,True
dog-run,1,identity,96,6.615993990777354,1.6478031482492392,1.6478208947241155,0.9348865259419724,0.5673471728239583,0.883367987991642,-0.7447808293063172,1.1249922225776277,True
dog-run,1,identity,97,6.164918057694897,1.7683699320534436,1.7683889770058716,0.906108065692617,0.5123918309119886,0.42018416174234574,-0.8201247689953362,0.992091362389898,True
dog-run,1,identity,98,5.935665266650556,1.8366695622229376,1.8366893427472537,0.8080430067358335,0.4399453886563048,-0.2879398288815469,-0.8004328295773131,0.8156531838943539,True
dog-run,1,identity,99,5.685637529017838,1.9174376965047588,1.9174583468839865,1.3043344189787935,0.6802413314992916,0.06920913951572553,-1.445655027826513,1.163013810131074,True
dog-run,1,identity,100,5.542526455957097,1.9669469895057838,1.966968173089133,2.8746400506271303,1.461457328062657,0.8760009828005517,-2.5164676800367625,3.2328124212174987,True
dog-run,1,identity,101,5.192907654653923,2.099374079381259,2.0993966891750286,1.1142712911602006,0.5307578586294049,0.22282772786705232,-1.0568706894691107,1.1716718928512906,True
dog-run,1,identity,102,5.086953914735399,2.143100942043435,2.14312402276583,2.9377453752180376,1.3707771197612266,2.6590598060901973,-2.150080842516834,3.7254099079192406,True
dog-run,1,identity,103,4.929326209043277,2.21163202930262,2.2116558480896438,1.9215892148515739,0.8688463969253535,-1.8381303997266079,-2.2238515377026595,1.6193268920004882,True
dog-run,1,identity,104,4.708005813289663,2.3155994616717415,2.31562440016498,2.479013946838164,1.070559606584532,3.4307475430579824,-1.5633335550414145,3.3946943386349133,False
dog-run,1,identity,105,4.507585926897405,2.4185574947663344,2.418583542094782,3.403947742836306,1.4074137542042815,3.1031782566119728,-2.540420916050872,4.267474569621739,True
dog-run,1,identity,106,4.290995555846507,2.540635520339127,2.5406628824208655,2.0248757126802457,0.7969871668888424,-3.41730549440425,-2.2908024816233583,1.758948943737133,False
dog-run,1,identity,107,4.192015827109403,2.6006237038275515,2.600651711968738,1.433535358196686,0.5512215848047854,2.5558148473014217,-1.323971879984058,1.543098836409314,False
dog-run,1,identity,108,3.8184595079625208,2.8550402862902318,2.855071034441652,1.7796825304227593,0.623340893782981,-0.21037498035644997,-1.6598204704452606,1.8995445904002577,True
dog-run,1,identity,109,3.6814386713771445,2.96130309369593,2.9613349862742426,0.9442745055079463,0.31886784503767696,0.45686294144919504,-0.9059704511140012,0.9825785599018915,True
dog-run,1,identity,110,3.4918701038101045,3.1220679471740853,3.1221015711542597,3.444890214253401,1.1033882581148071,0.45709358585960835,-2.7404852790717213,4.14929514943508,True
dog-run,1,identity,111,3.198550554969378,3.408373742870337,3.408410450300507,2.149839069270519,0.6307453578781792,1.2186281662677774,-1.9364181382893375,2.3632600002517012,True
dog-run,1,identity,112,2.94391450317886,3.7031835384584273,3.7032234209247883,3.99978313544354,1.0800815075976953,0.2547084804281967,-4.568241976416171,3.4313242944709086,True
dog-run,1,identity,113,2.8873528609965593,3.775726851424123,3.7757675151658936,3.870551148583674,1.025103143410464,-0.5117262190593113,-4.2561334623929,3.484968834774448,True
dog-run,1,identity,114,2.8220916800253537,3.8630409507826586,3.8630825548779373,1.985984394508113,0.5140931798106149,-0.14582769814967023,-1.953329099972227,2.018639689043999,True
dog-run,1,identity,115,2.654778108710881,4.106503549592227,4.106547775725761,2.3828921959749567,0.580266522177213,1.2652815994824318,-2.608133964421963,2.15765042752795,True
dog-run,1,identity,116,2.5669021669655847,4.247086572718272,4.247132312899826,5.529187163004982,1.3018636471981737,0.08313810075867421,-4.732062135274693,6.326312190735273,True
dog-run,1,identity,117,2.4938401040104923,4.371513518155815,4.371560598388009,3.365866809050292,0.7699462773755071,-0.623624539325307,-3.7150130919181708,3.0167205261824135,True
dog-run,1,identity,118,2.4324875338141494,4.481772496365818,4.481820764062778,2.8841947411939395,0.6435319244180153,-0.8751993197329846,-2.872542528722386,2.895846953665493,True
dog-run,1,identity,119,2.4067945681190404,4.529616225335342,4.529665008298666,2.566171348664618,0.5665256357728906,-1.2942531959291879,-2.4165919729675656,2.7157507243616705,True
dog-run,1,identity,120,2.3302015040937567,4.6785034288443805,4.678553815289896,2.3093398996859937,0.4936012261179688,-2.244188995441009,-2.2185803649313067,2.4000994344406803,False
dog-run,1,identity,121,2.2237455586792385,4.902474423951619,4.902527222515143,2.1687515863642464,0.4423742057778135,0.3014484765362462,-2.2069553608076866,2.1305478119208066,True
dog-run,1,identity,122,2.1733623445894747,5.0161243264110285,5.01617834895882,3.4385665613594285,0.6854952759152099,-0.1656042899315899,-3.826040990217613,3.051092132501244,True
dog-run,1,identity,123,2.1061731172767613,5.176144181774027,5.176199927700213,3.3648187604569912,0.6500557952660034,0.9163725933673793,-3.4785448030013995,3.251092717912583,True
dog-run,1,identity,124,2.021692048801614,5.392441313336122,5.392499388734507,4.53641929394812,0.8412461396704416,0.7881148510364894,-5.105684885712552,3.9671537021836873,True
dog-run,1,identity,125,1.9681240236657542,5.539211754803736,5.53927141088726,3.8704274307321067,0.6987250025562759,-0.28650111228659414,-4.3504966368012505,3.390358224662963,True
dog-run,1,identity,126,1.8812902324597802,5.794882436904398,5.794944846504529,2.3833570954361356,0.41128210165343687,-0.3949701993492897,-2.241349938241384,2.525364252630887,True
dog-run,1,identity,127,1.835406961891247,5.9397484880233,5.939812457798717,3.2665373049743236,0.5499394683220177,0.14966437957910872,-3.1907828559913405,3.3422917539573063,True
dog-run,1,identity,128,1.762389143480992,6.185839130436378,6.185905750553491,3.5320037656501695,0.5709760070841913,-1.4310992859028602,-3.608154343123945,3.455853188176394,True
dog-run,1,identity,129,1.722654257786879,6.328522207820598,6.328590364602844,4.195571439664853,0.6629551287015792,1.392431116560968,-3.748360128672265,4.6427827506574415,True
dog-run,1,identity,130,1.6574990444407787,6.577292314807418,6.577363150788611,3.744433882288074,0.569291036004166,-1.0734616774997021,-3.9369876107561717,3.5518801538199765,True
dog-run,1,identity,131,1.5333905424668341,7.109640645926163,7.109717215180968,4.070538258497676,0.5725316683209412,-0.3852516792395452,-4.587930839891299,3.5531456771040526,True
dog-run,1,identity,132,1.5140871677984364,7.2002827569385275,7.200360302388775,4.663259350027202,0.6476425004010049,-0.794878960625192,-4.682024150377831,4.644494549676573,True
dog-run,1,identity,133,1.486646729824872,7.3331851529281735,7.333264129707776,4.874099203743162,0.6646561636853779,-2.2522765797531243,-4.330836809860171,5.417361597626153,True
dog-run,1,identity,134,1.3958699477770742,7.810079831693634,7.810163944523292,5.191666746717843,0.6647321085184629,0.39367812997075624,-4.9732367212474395,5.410096772188246,True
dog-run,1,identity,135,1.3603172466632352,8.01420091786859,8.014287229037116,6.267343293044212,0.7820212969578342,1.7430911399589122,-6.9501772082613105,5.584509377827114,True
dog-run,1,identity,136,1.2938180946822002,8.426111654806304,8.426202402162218,4.720412465799724,0.5602063943525063,-2.353793710479346,-5.198927629116849,4.2418973024826,True
dog-run,1,identity,137,1.2573294434684497,8.670643786665236,8.670737167578054,6.078762172670432,0.7010663632384532,-0.8848562779700777,-5.548952080556854,6.60857226478401,True
dog-run,1,identity,138,1.2175049711954224,8.954259723553202,8.954356158946828,3.032111953559778,0.3386186454656726,2.8702078014090087,-3.0557334513466965,3.008490455772859,True
dog-run,1,identity,139,1.1943915691904128,9.127539081836044,9.127637383409981,5.119722317930538,0.5609033425490736,0.6318766455827953,-5.471483683325685,4.767960952535392,True
dog-run,1,identity,140,1.1168574904199875,9.761187815198692,9.761292941029117,4.142497358579943,0.4243799856848888,-3.403054725205703,-4.070347409215673,4.2146473079442135,True
dog-run,1,identity,141,1.0981893111860883,9.927118772469687,9.927225685339765,5.212845206144003,0.5251059431279154,1.628640211860316,-5.186213285849633,5.2394771264383735,True
dog-run,1,identity,142,1.066716675328944,10.220010597883604,10.220120665133749,3.7304685288695825,0.3650121804917812,-1.1000827790265135,-3.6131318736709597,3.8478051840682053,True
dog-run,1,identity,143,1.0443016949140183,10.439373774739078,10.43948620448204,6.961967893341028,0.6668879825093317,0.7050461136495176,-6.492339495435994,7.431596291246063,True
dog-run,1,identity,144,1.0297498933927318,10.586896679233897,10.587010697765857,6.659772343566866,0.6290512528689761,1.4736414559086122,-6.7171667946038625,6.602377892529869,True
dog-run,1,identity,145,1.005894358984311,10.837972824312269,10.83808954687871,4.0815517435694755,0.37659328481419796,-1.2831694213801539,-4.719893658388938,3.443209828750012,True
dog-run,1,identity,146,0.9826126705732094,11.094764044149104,11.09488353230009,4.212273704619648,0.3796591187601586,-1.650707041024085,-3.7902769416679254,4.634270467571369,True
dog-run,1,identity,147,0.945305243940765,11.532630117816323,11.532754321687921,4.583498450250518,0.3974331128888283,-0.6711641534044266,-4.615372273631386,4.551624626869652,True
dog-run,1,identity,148,0.9367663360129354,11.63775352261424,11.637878858641614,9.349807568372768,0.8033944743659317,-0.5390888385598467,-10.0133581782555,8.686256958490034,True
dog-run,1,identity,149,0.9111830188900618,11.96450713061009,11.964635985701428,6.59049487463088,0.5508312064409632,0.7493544471389912,-6.182151138152609,6.998838611109152,True
dog-run,1,identity,150,0.8824068281675447,12.354681966186023,12.354815023373918,10.600714851147249,0.8580229514640155,2.406793488347054,-11.03906253539122,10.162367166903278,True
dog-run,1,identity,151,0.8718990562812575,12.503575555292548,12.503710216031418,8.103692289523638,0.648103014986194,-1.1933420482432684,-8.284548875098752,7.922835703948524,True
dog-run,1,identity,152,0.843990115164281,12.917041954548186,12.917181068228578,5.300984771572674,0.41038247769175495,-1.757484975462395,-5.417103029912038,5.1848665132333105,True
dog-run,1,identity,153,0.8149822980272717,13.376800641179281,13.376944706358886,10.16919106893294,0.7602028185179608,-0.780907925750041,-9.351029655723366,10.987352482142516,True
dog-run,1,identity,154,0.7825105200935378,13.931896692580967,13.932046736022059,6.2670120256834,0.44982708889998924,-0.5899819147992246,-6.07341437232252,6.460609679044279,True
dog-run,1,identity,155,0.7583034763606339,14.376639520529205,14.376794353752036,6.791103426586435,0.47236562334315524,-1.3985267942835224,-7.116318980920127,6.465887872252742,True
dog-run,1,identity,156,0.7449467941283479,14.634408541293324,14.634566150631422,6.438653533153216,0.4399620369255302,1.5828513684488341,-5.870979923997235,7.006327142309198,True
dog-run,1,identity,157,0.7266760094363047,15.00236086678812,15.002522438891239,6.25254383646364,0.4167661712843093,1.4236005988305442,-6.619186147876666,5.885901525050614,True
dog-run,1,identity,158,0.6813473303288089,16.00043801674527,16.000610337918214,9.092324529250785,0.5682486065987004,0.3355719157499323,-8.698591868970105,9.486057189531465,True
dog-run,1,identity,159,0.6538416740590739,16.673540643443296,16.673720213782424,5.706914507339178,0.34227001737871715,2.3075030643241354,-5.784510980378391,5.629318034299965,True
dog-run,1,identity,160,0.6443503251703869,16.91914367222236,16.91932588765169,6.201341658800978,0.3665241570485342,-3.1216350121420056,-6.355830923197264,6.046852394404693,True
dog-run,1,identity,161,0.6358408693481509,17.14557250460685,17.145757158624537,6.654875131237489,0.3881353893951543,-3.535475498412556,-7.087980767267933,6.221769495207044,True
dog-run,1,identity,162,0.6030997570838459,18.076372272995865,18.07656695152091,8.170564021244173,0.45199755258598623,-6.459174790810058,-8.60237281429533,7.738755228193015,True
dog-run,1,identity,163,0.5862997142723414,18.594339143301994,18.59453940021545,8.798433775729784,0.4731729883896903,0.6819522633309739,-9.375198494356516,8.221669057103052,True
dog-run,1,identity,164,0.5763566956171103,18.91511942119152,18.915323132837536,12.219654972264602,0.6460188327975711,-1.5663452934509017,-12.443562062734207,11.995747881794996,True
dog-run,1,identity,165,0.5372516360113083,20.29189861149442,20.2921171507473,7.956107494458676,0.3920787286685695,4.523203599745029,-7.889960743896566,8.022254245020786,True
dog-run,1,identity,166,0.5161347667230601,21.122110792917244,21.12233827337138,5.383729005041658,0.25488319216196087,7.060559685793123,-5.415387264296159,5.352070745787157,False
dog-run,1,identity,167,0.511167805725814,21.327352005905933,21.327581696762483,7.291432660260206,0.3418780790026017,-3.2723975116182413,-6.837413418896718,7.745451901623693,True
dog-run,1,identity,168,0.5063789275363322,21.52904699222259,21.529278855289437,4.214886505064547,0.19577462549466723,0.7275945205564271,-4.231158826718828,4.198614183410267,True
dog-run,1,identity,169,0.49621531971702204,21.97001038383499,21.970246995979906,13.100843458332497,0.5962993252069344,4.6912890615137535,-13.419363636346882,12.782323280318112,True
dog-run,1,identity,170,0.4755317787124162,22.925609212321447,22.925856116054085,7.019767370065887,0.3061943394624298,-11.066884415576633,-6.663284587619312,7.376250152512462,False
dog-run,1,identity,171,0.4694015425668598,23.22501044028451,23.225260568502005,9.03872845863377,0.38917662223742944,-0.4233802509234562,-9.505887936887008,8.571568980380531,True
dog-run,1,identity,172,0.46062388421951694,23.667586723760802,23.66784161842686,9.474204770410122,0.40029863826002093,5.756600614510393,-8.607282302896703,10.341127237923542,True
dog-run,1,identity,173,0.4321003845854514,25.229914426621022,25.230186147210343,7.927894737580235,0.314222601899305,2.4755504690090198,-7.77806484303054,8.07772463212993,True
dog-run,1,identity,174,0.4243438109561942,25.69109162269929,25.691368310064863,7.349845079542336,0.28608227443701223,-0.8423317151366304,-7.535035473526574,7.164654685558097,True
dog-run,1,identity,175,0.4123003194453965,26.441540820209752,26.44182558974692,11.50658912508661,0.4351662136954872,6.176538948639421,-11.503854454158649,11.509323796014568,True
dog-run,1,identity,176,0.40496838481425884,26.92026374306027,26.920553668337288,7.250796802224165,0.26934055263329215,2.465748720698464,-7.312426622002125,7.189166982446205,True
dog-run,1,identity,177,0.37461787763634163,29.101269260256426,29.10158267447973,8.152278914831406,0.28013180609522126,1.6044086714373642,-9.246378156769772,7.058179672893041,True
dog-run,1,identity,178,0.35164358738424106,31.002572257598178,31.00290614843345,8.992719787207655,0.29006054284565996,1.9707295620607865,-8.987755480030009,8.9976840943853,True
dog-run,1,identity,179,0.34910151067391954,31.228325840686264,31.228662162837658,7.681353329819509,0.24597125838328027,6.3507067511585475,-7.489451215621838,7.873255444017181,True
dog-run,1,identity,180,0.33355805705169095,32.683532885285786,32.6838848796947,10.266143435770514,0.3141041364439664,-3.8101197017978032,-9.945491270333198,10.58679560120783,True
dog-run,1,identity,181,0.31760118648367597,34.32561397991284,34.325983659171435,12.779122333017742,0.3722871414233554,-1.048998386128788,-11.37043174701672,14.187812919018766,True
dog-run,1,identity,182,0.3041293510734659,35.8461151096446,35.846501164363445,12.56054666477835,0.35039812134483383,3.342641178297386,-11.574449730041955,13.546643599514743,True
dog-run,1,identity,183,0.29854273035555245,36.5169023336033,36.517295612551976,13.950478689837542,0.3820238726835617,0.603001446197477,-15.789704046383074,12.11125333329201,True
dog-run,1,identity,184,0.2754760670614,39.57460204472533,39.57502825442257,10.752573070774094,0.27170095752420537,10.934094446670468,-9.937006685468278,11.568139456079908,True
dog-run,1,identity,185,0.26276600883125345,41.488835543420954,41.48928236898897,18.386512483989,0.4431629431540118,-2.76263041554111,-21.06229035581181,15.710734612166192,True
dog-run,1,identity,186,0.2579805742305526,42.25843654824251,42.2588916622428,12.616613282941763,0.29855523386133603,-7.398980168188772,-11.281180213697988,13.95204635218554,True
dog-run,1,identity,187,0.22689088524375023,48.048892378770724,48.04940985469767,17.20837898862935,0.35813923710338613,10.493712825712814,-16.44550298921515,17.971254988043544,True
dog-run,1,identity,188,0.218627692011241,49.86493534515491,49.865472379462254,20.01708717944627,0.40142178995361466,1.5333440717357834,-17.268959062215515,22.765215296677027,True
dog-run,1,identity,189,0.20634329416171585,52.83358381521691,52.8341528212107,17.719753697379232,0.3353844578021793,-5.88762874765566,-17.981607337760266,17.457900056998202,True
dog-run,1,identity,190,0.18868795448409384,57.777168429264975,57.77779067657006,28.947154760961105,0.501008335936592,1.3300530990818524,-23.107400847028934,34.786908674893276,True
dog-run,1,identity,191,0.18496205353922932,58.94103962512914,58.94167440706913,15.473615607959598,0.26252419469956184,14.639672309994392,-15.504810253699949,15.442420962219247,True
dog-run,1,identity,192,0.15841098210402166,68.82007536347571,68.82081654044212,30.13218559166998,0.437835339747284,-8.419592113907516,-28.54762669582562,31.71674448751434,True
dog-run,1,identity,193,0.14579563012589097,74.77491415474857,74.77571946400943,24.842497885580464,0.3322267985336804,21.254180792663686,-21.646386126265043,28.038609644895885,True
dog-run,1,identity,194,0.14113461193772894,77.24438092911653,77.24521283398752,22.469283581758994,0.29088253831404576,10.224051925814985,-21.092461985339853,23.84610517817814,True
dog-run,1,identity,195,0.11358561113093602,95.97919682127554,95.98023049596362,19.664706923066852,0.2048828891267753,-6.743410509669357,-21.262827604480265,18.06658624165344,True
dog-run,1,identity,196,0.09968177099572796,109.36659348947754,109.36777134346198,22.674415714858334,0.20732264575137851,13.215554853868156,-20.53362474950156,24.815206680215105,True
dog-run,1,identity,197,0.09310790005317574,117.08840732714098,117.08966834334977,28.188015847400898,0.24073871116231466,15.55878815421653,-22.926857970748483,33.44917372405332,True
dog-run,1,identity,198,0.0839719577489593,129.82733782857508,129.82873604024346,14.281887978249745,0.11000559979127225,12.017614721263215,-17.239341825549992,11.324434130949497,False
dog-run,1,identity,199,0.05251993494342669,207.5755756084658,207.57781115143231,33.18201437719111,0.15985337832175203,-0.289541641785085,-33.515922532849785,32.848106221532426,True
dog-run,1,identity,200,0.04979368309355055,218.940537222743,218.94289516382744,55.616439263957304,0.2540225807388791,32.815738276699896,-41.38804252064808,69.84483600726654,True
dog-run,1,identity,201,0.046467091895719174,234.61454724274054,234.61707398944176,44.970497471770244,0.19167615002220173,16.42204083937026,-58.556883922993094,31.384111020547387,True
dog-run,1,identity,202,0.039913189790032506,273.13917489810564,273.1421165465115,47.225693482320565,0.17289788216999052,-20.009187214382553,-32.942109479742804,61.509277484898334,True
dog-run,1,identity,203,0.03849083196974298,283.23253016122766,283.23558051283453,79.98902089574355,0.28241162621911103,-114.38675368839718,-64.97539873895649,95.0026430525306,False
dog-run,1,identity,204,0.037257287243029215,292.610024333983,292.6131756791244,43.323905646035435,0.14805862909448697,-57.558445979833934,-53.603057740391776,33.044753551679094,False
dog-run,1,identity,205,0.03602298338778853,302.6361145450436,302.6393738689556,37.64962495440378,0.12440425207430629,6.075731980170744,-35.42479921890782,39.87445068989973,True
dog-run,1,identity,206,0.03182672364496252,342.53779460351393,342.5414836596802,53.00840606044548,0.15475032540324396,19.470374785425935,-56.37356480579588,49.64324731509508,True
dog-run,1,identity,207,0.02733224669063161,398.8642371846325,398.8685328641086,42.87947748919308,0.10750278338903656,-74.91763237425992,-39.45242570974203,46.306529268644134,False
dog-run,1,identity,208,0.02675115769833566,407.5283712853757,407.53276027565465,33.49873642346674,0.08219887991534285,-45.647009002421306,-29.0753647500908,37.92210809684268,False
dog-run,1,identity,209,0.02490848376439127,437.6764089665736,437.6811226445425,50.578446810964586,0.11556003719182852,-32.4116433578155,-63.90212895066318,37.25476467126599,True
dog-run,1,identity,210,0.023114983406586395,471.63588807485763,471.64096748889335,113.44486075026066,0.24053224501311407,-6.0174896213246125,-76.40049060099442,150.4892308995269,True
dog-run,1,identity,211,0.02262598199725999,481.82906395493416,481.83425314721615,183.55810152881506,0.38095693763957467,60.613673979688784,-303.95124794168856,63.16495511594156,True
dog-run,1,identity,212,0.02104601259271379,518.001007496082,518.0065862521828,89.46333741173108,0.17270694965290914,19.985333816084136,-49.29270178952543,129.6339730339367,True
dog-run,1,identity,213,0.019209295074365702,567.5302339099998,567.5363460848971,92.08359056540152,0.16225144204531147,84.74323624789956,-76.9134752566469,107.25370587415613,True
dog-run,1,identity,214,0.016466854867150556,662.0484491272766,662.0555792424071,166.38447010359795,0.251314958019072,176.88942680426592,-61.50034184336854,271.2685983638274,True
dog-run,1,identity,215,0.014323294964126293,761.1276423550197,761.1358395311147,112.16571276689308,0.14736622156170037,-25.53759897325925,-150.4024758955109,73.92894963827527,True
dog-run,1,identity,216,0.013798146192864005,790.0956820155371,790.1041911710067,78.64641276933436,0.0995392932326725,-101.43652032672226,-89.74337325491388,67.54945228375485,False
dog-run,1,identity,217,0.012096592526217751,901.2336079910648,901.2433140773709,84.4647655069121,0.09372026864174982,129.55729175774965,-72.55794438520249,96.3715866286217,False
dog-run,1,identity,218,0.00991881036068934,1099.1092006363667,1099.1210377989762,90.94022608382075,0.08273904597980525,-163.8631030073133,-90.43574566724736,91.44470650039413,False
dog-run,1,identity,219,0.009069705068491052,1202.0077438543146,1202.0206892114554,56.381719028488455,0.0469057808526372,402.8518398699186,-56.72102136707412,56.04241668990279,False
dog-run,1,identity,220,0.008457988215985217,1288.941938485674,1288.9558201048333,174.939591581734,0.1357219455105186,-65.32702117715527,-117.70350418720943,232.17567897625855,True
dog-run,1,identity,221,0.007164686383480824,1521.6096201972928,1521.6260075958219,94.22829957288815,0.061926057455977256,-142.28804203245917,-105.63075672115772,82.82584242461859,False
dog-run,1,identity,222,0.006831187973983394,1595.8945601146877,1595.9117475455719,87.09776824054683,0.054575554302735474,5.655565347167327,-65.2913474953335,108.90418898576014,True
dog-run,2,identity,0,78.05409113677315,0.21331827956157293,0.21331926445571042,0.1490184049508973,0.6985698423961924,-0.4668717545568239,-0.1904392556094792,0.1075975542923154,False
dog-run,2,identity,1,62.08878248728621,0.2681702518075327,0.26817148995416223,0.2997900930404883,1.1179044166541736,0.11334187491177415,-0.3122219939630588,0.28735819211791785,True
dog-run,2,identity,2,54.50553336018448,0.305480258747482,0.30548166915505026,0.23836733701363028,0.7802999691370829,0.14217577074226412,-0.25132975698507615,0.2254049170421844,True
dog-run,2,identity,3,52.67079840885704,0.3161213601660302,0.31612281970374534,0.34903394275422095,1.1041086596700558,0.056368068127930875,-0.3794427885119888,0.31862509699645314,True
dog-run,2,identity,4,51.46505204060589,0.3235275934609284,0.323529087193349,0.3251193362753837,1.0049153202756211,0.10868284378207645,-0.3038228627817084,0.34641580976905906,True
dog-run,2,identity,5,49.00387461435835,0.33977648839139013,0.33977805714523596,0.32585126099783635,0.959012079048275,0.5462013457706753,-0.3434676457979767,0.308234876197696,False
dog-run,2,identity,6,45.17430118070686,0.36858045390527794,0.3685821556475244,0.4395089707933728,1.192431494740282,0.03291733433415837,-0.5067857372080211,0.37223220437872445,True
dog-run,2,identity,7,43.207495564538824,0.3853582397333838,0.3853600189389536,0.42203723775618746,1.0951765025292985,0.07677421015987851,-0.4292183841734122,0.41485609133896273,True
dog-run,2,identity,8,42.322449906355985,0.39341683836544905,0.39341865477770666,0.4169222698824592,1.059741994486847,-0.5222825158637374,-0.45426409926983763,0.3795804404950808,False
dog-run,2,identity,9,38.96567604696638,0.4273084961741594,0.4273104690647794,0.3546961677695354,0.8300666457946393,0.22187991811494512,-0.3517323692897422,0.35765996624932855,True
dog-run,2,identity,10,38.22369700564955,0.4356031922181077,0.43560520340548076,0.270627978944319,0.6212689307395771,-0.14431232556223902,-0.2800632890215599,0.2611926688670781,True
dog-run,2,identity,11,37.13846673624567,0.4483320367609192,0.44833410671758495,0.22525095605724377,0.5024176226662453,0.2109805131749604,-0.2066550094070776,0.24384690270740997,True
dog-run,2,identity,12,36.1715666412149,0.46031637499125555,0.46031850027981497,0.19408920407231495,0.4216411114355244,-0.2742419663581337,-0.19062472353984264,0.19755368460478723,False
dog-run,2,identity,13,35.448381418382624,0.469707325632764,0.46970949427950315,0.23414390544602356,0.49848663545790495,-0.2137271699172866,-0.2362629277533884,0.23202488313865874,True
dog-run,2,identity,14,34.83865923882357,0.4779278192050458,0.477930025805944,0.25288089336419073,0.5291169830515504,0.5358262199304304,-0.2684843444263517,0.2372774423020298,False
dog-run,2,identity,15,34.67059318668625,0.48024457915627833,0.48024679645369683,0.27689498085716946,0.5765680956163679,0.022879330349198458,-0.2771621498377642,0.27662781187657476,True
dog-run,2,identity,16,34.004103351230626,0.48965750580322487,0.4896597665602862,0.2583641411826346,0.5276401265261503,-1.1578377645871674,-0.2422752365519548,0.2744530458133144,False
dog-run,2,identity,17,33.732386428761316,0.4936017340250209,0.4936040129926515,0.35136117022771796,0.7118280260678287,-0.42904735445280967,-0.3497865776384879,0.35293576281694794,False
dog-run,2,identity,18,32.721575002097346,0.5088497247755169,0.5088520741433813,0.18846561694698927,0.3703740763251454,0.306001546663592,-0.19483906669996645,0.18209216719401208,False
dog-run,2,identity,19,32.11657186136942,0.5184352958313749,0.5184376894559842,0.21341211812737243,0.411644682606532,-0.4232101676181448,-0.23154214629123832,0.19528208996350652,False
dog-run,2,identity,20,30.862778875780158,0.539496605313956,0.5394990961789908,0.20019592194598232,0.37107740006215484,-0.5965264112259234,-0.21285694280493295,0.1875349010870317,False
dog-run,2,identity,21,29.788416499226326,0.5589543316097758,0.5589569123114646,0.380979746001872,0.6815905441197597,0.2857904675364745,-0.36580630456267976,0.3961531874410642,True
dog-run,2,identity,22,29.48988482393724,0.5646127319060738,0.5646153387326935,0.4629204574847061,0.8198864354690638,-0.011234648643310603,-0.42675063651609624,0.49909027845331594,True
dog-run,2,identity,23,29.092719807590104,0.5723206542447329,0.5723232966589612,0.3639266831065392,0.6358760603159539,0.41963227169690365,-0.34950677273968983,0.3783465934733885,False
dog-run,2,identity,24,28.45433032054086,0.5851610017340299,0.5851637034323622,0.49141129826796215,0.839784312296744,-0.444843701539362,-0.48803625443162485,0.49478634210429945,True
dog-run,2,identity,25,28.04337985233756,0.5937360090585078,0.5937387503477953,0.38342671627898367,0.6457835471482755,-0.13328384617119737,-0.40272572001181095,0.3641277125461564,True
dog-run,2,identity,26,27.843589845226052,0.5979963261415974,0.5979990871008418,0.44248201867021897,0.7399376156499087,-0.2158598138930796,-0.4487960206771144,0.43616801666332355,True
dog-run,2,identity,27,26.872851656575712,0.6195979737031135,0.6196008343975332,0.3202976129555033,0.5169418683351897,-0.174661111806767,-0.2970465761445135,0.343548649766493,True
dog-run,2,identity,28,26.07309069696284,0.638603402548598,0.638606350991407,0.8609219705917996,1.3481262271433065,0.011141997505743656,-0.767683406369063,0.9541605348145364,True
dog-run,2,identity,29,25.873229683137577,0.6435363747762132,0.6435393459946392,0.6289661307283521,0.9773545854546575,-0.2835581825904671,-0.6196486311767759,0.6382836302799283,True
dog-run,2,identity,30,25.308402250901665,0.6578986800103299,0.6579017175397641,0.4773278329175922,0.7255306076758222,0.07298576724023717,-0.4687940585246308,0.4858616073105535,True
dog-run,2,identity,31,25.106603883312236,0.6631866464864955,0.6631897084305611,0.3204557129360781,0.4832036879680126,-0.06450108879191319,-0.34301992120866304,0.29789150466349323,True
dog-run,2,identity,32,24.75502417259956,0.6726054605298408,0.6726085659607317,0.6986786807473295,1.0387597127154635,0.10967215567922552,-0.6065562498682319,0.7908011116264272,True
dog-run,2,identity,33,23.93671336453007,0.6955994409287422,0.6956026525232331,0.45335907722581315,0.6517500696429144,0.08197042461984434,-0.4241675846586881,0.48255056979293814,True
dog-run,2,identity,34,23.661495313131663,0.7036902872659128,0.7036935362159794,0.5166092865147105,0.7341395933415984,0.2927029605786377,-0.5235211226980896,0.5096974503313313,True
dog-run,2,identity,35,23.45727152883888,0.7098167582520561,0.709820035488144,0.4888429088665667,0.6886857012008529,-0.08183979285169994,-0.5144532280811772,0.46323258965195624,True
dog-run,2,identity,36,23.035629222171902,0.7228091871704817,0.7228125243928353,0.35531313689954774,0.49157025495374734,-0.2024766483335884,-0.35827493735396193,0.35235133644513356,True
dog-run,2,identity,37,22.408722589611713,0.7430305037448891,0.7430339343294067,0.6303021828010085,0.8482818262800617,-0.039468380509862774,-0.6483546824977763,0.6122496831042405,True
dog-run,2,identity,38,22.282591416983646,0.7472364467154331,0.7472398967188615,0.538008142147555,0.7199938661063932,0.1555848370879278,-0.5158713685952958,0.5601449156998142,True
dog-run,2,identity,39,21.583556287554494,0.7714374875117127,0.7714410492517589,0.624429483491082,0.809432534212086,0.03962679953177678,-0.6309610439745221,0.6178979230076417,True
dog-run,2,identity,40,21.17106180294124,0.7864680850218612,0.7864717161584323,0.4968256702403316,0.6317146059201035,0.26995395416486323,-0.46500076244052413,0.528650578040139,True
dog-run,2,identity,41,20.98643218555205,0.7933870934718233,0.793390756553575,0.8831640576263091,1.1131514330500925,-0.04270126417066973,-0.977305291138872,0.7890228241137464,True
dog-run,2,identity,42,20.571588890517546,0.8093864077613196,0.8093901447121785,0.7225319706543145,0.8926868894743573,0.09557067891902345,-0.7704695905123088,0.6745943507963202,True
dog-run,2,identity,43,19.972895979714366,0.8336479822930909,0.8336518312600533,0.5964115020923064,0.7154203706250349,0.12989034335498123,-0.6025179788606725,0.5903050253239404,True
dog-run,2,identity,44,19.845081868131924,0.8390171703335995,0.839021044090195,0.8963214404494386,1.0682943494240698,-0.1528967330660917,-0.9366164344948366,0.8560264464040407,True
dog-run,2,identity,45,19.74509461120094,0.8432658724559009,0.8432697658288258,1.055623531964481,1.2518218661936003,-0.31922820011018843,-1.1389924793786144,0.9722545845503476,True
dog-run,2,identity,46,19.49435186722542,0.8541122345304456,0.85411617798121,0.7641480824915963,0.8946652717640095,0.4323814405349644,-0.7408281778123117,0.7874679871708807,True
dog-run,2,identity,47,19.412686354890802,0.8577053237067214,0.85770928374684,0.5967718748044738,0.6957740648410843,0.2839202130426926,-0.6317501739280188,0.5617935756809288,True
dog-run,2,identity,48,18.818011348630417,0.8848099900444841,0.8848140752273097,1.2538650090731618,1.4170943299597065,-0.7567337836632135,-1.3087907771935912,1.1989392409527324,True
dog-run,2,identity,49,18.64513259535678,0.8930139997065576,0.8930181227674362,0.6579152598074139,0.7367322600000036,-0.621928083577886,-0.6953347287917838,0.6204957908230441,True
dog-run,2,identity,50,18.227221376826744,0.9134889015616598,0.913493119155509,0.6522516295726564,0.7140192037523382,-0.32403153004959345,-0.6905312522507889,0.6139720068945237,True
dog-run,2,identity,51,17.912704465352867,0.929528227646705,0.9295325192943958,0.7739773766840563,0.8326522855505681,-0.12161884695816189,-0.7031618588207387,0.8447928945473738,True
dog-run,2,identity,52,17.65178552923462,0.9432680000820646,0.9432723551665205,0.7391529781172579,0.7836050469079755,0.22695702644667012,-0.7364204774459815,0.7418854787885343,True
dog-run,2,identity,53,17.556455504926134,0.9483898631683811,0.9483942419005661,1.0770781283930457,1.1356860689438595,0.7080561372604527,-1.086109222555788,1.0680470342303037,True
dog-run,2,identity,54,17.48953413481581,0.9520187505105333,0.9520231459973529,0.9104211700434726,0.9563015078690156,-0.1832571015434292,-0.9854202560179006,0.8354220840690446,True
dog-run,2,identity,55,17.06528019825347,0.9756865542555073,0.9756910590169807,0.9039205898382681,0.9264413991340433,0.35074536700471676,-0.7964296830556278,1.0114114966209082,True
dog-run,2,identity,56,16.58246115506891,1.004094885453659,1.0040995213768822,0.6384187867954613,0.635812260840462,0.10915802568054628,-0.5953615993256178,0.6814759742653047,True
dog-run,2,identity,57,16.198188754203336,1.02791520006939,1.027919945971413,1.0317637181011083,1.0037393691451943,0.5271682230366761,-0.8498914480089694,1.2136359881932473,True
dog-run,2,identity,58,15.799977883359519,1.0538220089266563,1.0538268744408572,0.8345637675029784,0.7919363111192091,-0.6176226271004737,-0.9030192678048935,0.7661082672010634,True
dog-run,2,identity,59,15.727397732591923,1.0586852775735478,1.0586901655415428,1.1184245858727606,1.0564229481631788,0.6143636464488174,-1.0131480837295939,1.2237010880159274,True
dog-run,2,identity,60,15.513255285715191,1.0732991965503553,1.0733041519910635,1.0054483142243862,0.9367785565342317,0.23271839602608688,-0.9204949965499565,1.090401631898816,True
dog-run,2,identity,61,15.312769705747133,1.0873515865512895,1.0873566068721219,0.8989114465175444,0.8266942425662389,-0.33675422170045366,-0.9477244989402842,0.8500983940948046,True
dog-run,2,identity,62,15.244235425452494,1.0922400480799734,1.0922450909709167,1.2228995435228356,1.11962008676622,0.03678642350074974,-1.3440421814490955,1.1017569055965757,True
dog-run,2,identity,63,14.722640229128833,1.1309360396578747,1.1309412612088714,0.7736852342184257,0.6841073544274332,0.5839921961196229,-0.6540510146866361,0.8933194537502155,True
dog-run,2,identity,64,14.621013123919345,1.1387969009342718,1.138802158779001,0.702763553979549,0.6171076763087954,0.43642723813446854,-0.6644458064148223,0.7410813015442758,True
dog-run,2,identity,65,14.518667179989794,1.1468245829745904,1.1468298778832637,0.9695697314721432,0.8454346631269368,0.21227908340318274,-0.8720579470099895,1.0670815159342968,True
dog-run,2,identity,66,14.287210865706795,1.1654034220215848,1.1654088027090734,0.6392451687820384,0.5485158231996092,0.4215924223187702,-0.6026287687671129,0.6758615687969638,True
dog-run,2,identity,67,14.121554623697921,1.179074462955874,1.1790799067627946,1.0407135250553587,0.8826488510966779,0.03598591570611426,-1.238006426393667,0.8434206237170504,True
dog-run,2,identity,68,13.964085871478149,1.1923705273144505,1.1923760325095256,0.884304597415912,0.7416323150631993,-0.1528895768541861,-0.8851531759709215,0.8834560188609027,True
dog-run,2,identity,69,13.82929611443233,1.2039921841475545,1.203997743000017,0.894139255287119,0.7426419696262723,0.3163766070763904,-0.9409193673087626,0.8473591432654753,True
dog-run,2,identity,70,13.62503690143315,1.2220417863446151,1.2220474285323997,1.013268801689784,0.8291566906749721,-0.009739923504949857,-1.016556981422818,1.0099806219567498,True
dog-run,2,identity,71,13.455299243682378,1.2374577579057902,1.237463471269379,1.6393419713087458,1.3247598893784909,0.2628932263292165,-1.600242544009781,1.6784413986077107,True
dog-run,2,identity,72,13.207226286631675,1.2607010792941535,1.2607068999725537,0.7554360684280792,0.5992162559311173,0.24194152603695288,-0.7402807075456008,0.7705914293105577,True
dog-run,2,identity,73,12.880211912594808,1.29270888918817,1.2927148576471748,1.390091703871263,1.0753273977227433,1.3773893147797216,-1.1226126027066339,1.657570805035892,True
dog-run,2,identity,74,12.546072846406666,1.327137554346938,1.3271436817636768,1.0592056593759749,0.7981092581990581,0.2630451466900765,-1.1206009756908348,0.997810343061115,True
dog-run,2,identity,75,12.406219983230914,1.3420981134095984,1.342104309899495,0.8656694672933485,0.6450090808203836,-0.640081256387272,-1.0933280578878801,0.6380108766988168,True
dog-run,2,identity,76,12.210786227589209,1.363578407131444,1.3635847027962222,1.0331458003016132,0.7576689575521068,0.7488363830366199,-0.9307429140551241,1.1355486865481024,True
dog-run,2,identity,77,12.108437755219315,1.3751042678368286,1.375110616716703,1.0873205125590713,0.7907149427405507,-0.22571224212365318,-1.1078668182050238,1.0667742069131187,True
dog-run,2,identity,78,11.874274933335087,1.4022215695288889,1.4022280436098085,1.1836307537720367,0.8441071758377985,-1.164395709878968,-1.459809417272336,0.9074520902717377,True
dog-run,2,identity,79,11.679243579135827,1.4256372273786129,1.4256438095700235,2.044296960500758,1.433946506678496,-2.8665451376258573,-2.74727078559052,1.3413231354109962,False
dog-run,2,identity,80,11.567821768303032,1.4393690331279396,1.4393756787193315,1.1336033036956843,0.7875659707577491,1.2036879328982197,-0.9247212633821758,1.3424853440091928,True
dog-run,2,identity,81,11.326369988206435,1.4700530224048687,1.470059809664764,1.841184474445102,1.2524554867362643,2.0376197518153174,-1.7525915113456931,1.929777437544511,False
dog-run,2,identity,82,11.050410967016676,1.5067642718209089,1.5067712285772699,1.122014284904507,0.7446480684157609,-1.636530027830948,-1.4649538137765523,0.7790747560324616,False
dog-run,2,identity,83,11.001826191539415,1.5134182402229797,1.5134252277008255,0.9006691573104306,0.5951196932792739,0.5478524063813955,-0.826259648671761,0.9750786659491002,True
dog-run,2,identity,84,10.825190825715135,1.5381127873040252,1.5381198887970162,0.8492872485010252,0.5521593308082532,0.4768395315614471,-0.9321287522143659,0.7664457447876845,True
dog-run,2,identity,85,10.758207773723186,1.547689427853124,1.5476965735616275,0.9903463488917293,0.6398840482102385,-1.1312402741484577,-1.1157390082072316,0.8649536895762271,False
dog-run,2,identity,86,10.652009052821244,1.56311962855765,1.5631268455076535,0.806242199550543,0.5157880832688926,-0.8702069696091944,-0.8830800488663801,0.7294043502347058,True
dog-run,2,identity,87,10.42816587124266,1.596672381281805,1.5966797531454402,1.5320382278834432,0.9595150341609494,2.5527632468387584,-0.8502798457479394,2.2137966100189472,False
dog-run,2,identity,88,10.341282221754737,1.6100870353399357,1.6100944691392551,1.1043680926801684,0.6859026683512276,-0.33729143530984573,-1.136614097437576,1.0721220879227609,True
dog-run,2,identity,89,10.281723496159332,1.6194137529820072,1.6194212298429431,1.1304908644052758,0.6980832680048998,0.8318528875898537,-0.9110994784122793,1.3498822503982721,True
dog-run,2,identity,90,9.979817758770507,1.6684036559090394,1.6684113589571943,1.2730676086942423,0.7630418013276694,-1.455327533141677,-1.5202238523101088,1.0259113650783758,True
dog-run,2,identity,91,9.742351081453355,1.7090704589507342,1.7090783497582116,1.0870113125166592,0.6360219311598219,-0.8834884039320061,-1.3315746220945546,0.842448002938764,True
dog-run,2,identity,92,9.34362071048257,1.7820034598963004,1.782011687436688,1.016451232722134,0.5703953794962116,0.19055575844739076,-1.0015338385008918,1.031368626943376,True
dog-run,2,identity,93,9.14278321903349,1.8211483347188917,1.8211567429918354,0.952175918050709,0.5228412775093999,0.10213328254720067,-0.9767200404132835,0.9276317956881346,True
dog-run,2,identity,94,8.885350827380098,1.8739118755706052,1.8739205274537165,0.9856119977312012,0.5259625385877228,1.1591713261034116,-0.8197180834723929,1.1515059119900095,False
dog-run,2,identity,95,8.76913932526034,1.8987455685731562,1.8987543351138532,0.9256361261540148,0.48749651760427015,0.5918349278058852,-0.9229806672172544,0.9282915850907753,True
dog-run,2,identity,96,8.58972332962237,1.938405207606456,1.9384141572563818,0.6424581151465911,0.3314349065918513,0.35691943634790557,-0.6389996538243393,0.645916576468843,True
dog-run,2,identity,97,8.443922494869815,1.9718755642481032,1.9718846684312363,1.164534642707921,0.5905693478688004,-0.9284912203775084,-1.2573105740376063,1.0717587113782359,True
dog-run,2,identity,98,7.8003784202684745,2.1345585479256264,2.1345684032188745,1.4784890448987786,0.6926407430510332,-0.6155158967619321,-1.4919374107768317,1.4650406790207258,True
dog-run,2,identity,99,7.220442367966305,2.3060033700855334,2.3060140169424512,1.2733290412999951,0.5521774941282901,-0.3999450470757435,-1.5461774531769998,1.0004806294229904,True
dog-run,2,identity,100,7.04036011322037,2.3649876094793303,2.364998528667486,3.988843216899916,1.6866155173243826,-2.025626706692143,-4.023519173270905,3.954167260528927,True
dog-run,2,identity,101,7.011805130683951,2.374618821218516,2.3746297848741413,1.6403137350401316,0.6907660914086743,1.0322084912446905,-1.4777280816130225,1.8028993884672406,True
dog-run,2,identity,102,6.636302893246116,2.508981989201253,2.5089935732139184,3.1144088672449377,1.2412980648872316,2.7162175274018545,-2.773469060274545,3.4553486742153305,True
dog-run,2,identity,103,6.267029475752312,2.65681923125787,2.6568314978376066,2.2536556928570786,0.8482493883000587,-1.013797327873057,-2.532652005194944,1.9746593805192127,True
dog-run,2,identity,104,6.037629887096356,2.757765008024736,2.7577777406728448,2.295225081643325,0.8322734090541082,-0.7877017304050908,-2.5387288772507755,2.0517212860358742,True
dog-run,2,identity,105,5.941672036684017,2.8023028419002163,2.8023157801802645,1.4149993111601296,0.5049392795658122,1.833578621211995,-1.3800214556969959,1.4499771666232635,False
dog-run,2,identity,106,5.760268321088353,2.890553617629521,2.890566963364908,1.3438676980510342,0.4649149163756574,-0.05388410204866295,-1.333507883224606,1.3542275128774626,True
dog-run,2,identity,107,5.187627516644739,3.2096299089738447,3.2096447278899163,2.869471082355948,0.8940151716549622,-4.149991564696147,-3.9002157674858156,1.8387263972260806,False
dog-run,2,identity,108,5.041508211184752,3.3026554230536185,3.302670671470077,1.8165237993323857,0.5500166320015852,-2.062739578456359,-2.2781873585748547,1.3548602400899166,True
dog-run,2,identity,109,4.768954722636217,3.4914075310898656,3.49142365097803,2.276917684045795,0.6521459185876732,-1.0179598355450272,-2.352009703424284,2.2018256646673064,True
dog-run,2,identity,110,4.599515883119256,3.620025423794576,3.6200421375137433,2.4092872095466547,0.6655412058825815,0.9956233383888293,-2.3426341145709726,2.4759403045223363,True
dog-run,2,identity,111,4.278723748807252,3.8914324484445078,3.891450415254538,2.3353170433030948,0.6001148142987047,0.842663557722601,-2.6559952380320127,2.014638848574177,True
dog-run,2,identity,112,4.1446422900770905,4.017322429465673,4.0173409775118945,1.9556894869810355,0.4868119230925414,1.7451460504312386,-1.8371020167380776,2.074276957223993,True
dog-run,2,identity,113,4.042993490709,4.118325807919809,4.118344822300352,1.4018949973157313,0.34040253009525456,-0.07014586460458527,-1.3994301507239533,1.4043598439075093,True
dog-run,2,identity,114,3.643531802718432,4.569841937873539,4.569863036911765,1.9355995967301012,0.42355746355981516,-0.8574535833108299,-2.014840234527635,1.856358958932567,True
dog-run,2,identity,115,3.573285534035857,4.659679243498033,4.659700757316629,3.0868581205688335,0.6624584455819122,-0.37841224348738606,-2.947819208753493,3.2258970323841742,True
dog-run,2,identity,116,3.524962773653882,4.723557524773331,4.723579333519051,6.0034327381599635,1.2709499119785983,-1.0053599867741294,-6.59863151490937,5.408233961410557,True
dog-run,2,identity,117,3.4276026900655086,4.857728838379586,4.857751266596546,3.8715234030013814,0.7969785175340731,2.179124073858683,-4.4777975093519835,3.2652492966507793,True
dog-run,2,identity,118,3.1989941414615277,5.204874938105263,5.2048989691016825,2.1781790315908465,0.41848632308165246,0.26667725325518604,-2.154440292602347,2.2019177705793465,True
dog-run,2,identity,119,3.138465175784349,5.305257028979936,5.3052815234421855,2.5798476214152295,0.48627911827407916,0.2645473282431827,-2.6206673927838104,2.539027850046649,True
dog-run,2,identity,120,3.0104547395763928,5.530846956490558,5.530872492505351,1.9817445223008021,0.35830594991769915,-1.2148212237249805,-2.0340826306915685,1.9294064139100358,True
dog-run,2,identity,121,2.972543281047088,5.601386711574985,5.601412573273034,3.0585725190463844,0.5460359291583462,-0.8393775743837091,-2.9885521754784454,3.128592862614323,True
dog-run,2,identity,122,2.792965860573987,5.96153525149671,5.961562776006713,2.5928102041029932,0.43492122812799744,-0.426941969885635,-2.4780921740763575,2.707528234129629,True
dog-run,2,identity,123,2.6799405910635703,6.2129602758957985,6.212988961239432,3.964445268743331,0.6380898619772313,-0.1936428384350321,-4.355279749568275,3.5736107879183865,True
dog-run,2,identity,124,2.609342122842176,6.381058385667947,6.3810878471234265,2.22055818345802,0.3479905365131496,-1.7516580054338258,-2.2654039330116573,2.175712433904383,True
dog-run,2,identity,125,2.5209598961673962,6.60477164248116,6.604802136824565,3.929427331450337,0.5949349049447095,1.1009284124779681,-3.8785848558166878,3.9802698070839857,True
dog-run,2,identity,126,2.3228747998659567,7.16799908242988,7.168032177203983,3.0583839201456464,0.4266699485351115,0.3071901948745189,-3.199494852874575,2.917272987416718,True
dog-run,2,identity,127,2.2993047944840472,7.241477717083145,7.241511151109361,5.11459647561702,0.7062885589609968,-0.2415438459586301,-4.809621851859876,5.419571099374165,True
dog-run,2,identity,128,2.1417325239756893,7.77425016786441,7.774286061710119,4.471283803174487,0.5751375454521072,-1.8127820363141438,-4.45088491208491,4.491682694264063,True
dog-run,2,identity,129,2.0622622146507883,8.073834799353168,8.073872076386241,3.7954856704957844,0.47009484849239697,-0.9784931072875362,-3.7900634386438883,3.800907902347681,True
dog-run,2,identity,130,2.022967177306144,8.2306646498392,8.230702650958369,4.5705255608701485,0.555301989962906,0.6477324749754622,-5.332207175053915,3.8088439466863817,True
dog-run,2,identity,131,1.9818568237787675,8.40139622310947,8.401435012499228,3.4303503789444267,0.40830529235076224,-1.3083633467644291,-3.9962627114179603,2.864438046470893,True
dog-run,2,identity,132,1.87021154338138,8.902931057699748,8.902972162684383,4.665224224887785,0.5240075044198664,-0.1386053866719455,-4.77379575540077,4.556652694374799,True
dog-run,2,identity,133,1.8086236985576245,9.206096573498023,9.20613907820301,3.323858121892753,0.36104800217091143,-1.784282529300732,-3.3655277558057013,3.2821884879798056,True
dog-run,2,identity,134,1.6472368446742556,10.108057312991509,10.108103982064641,6.118892099679246,0.6053451874393387,-1.1562465583931143,-6.335659364988845,5.902124834369647,True
dog-run,2,identity,135,1.6336976745952103,10.191827222967808,10.191874278808049,7.231850959583846,0.7095702676220236,-2.779269774267803,-6.628113526995018,7.8355883921726734,True
dog-run,2,identity,136,1.6198279209314537,10.279094599421503,10.279142058176715,3.7038854343527374,0.360330211742372,-0.9619375733589997,-3.665863652718998,3.7419072159864766,True
dog-run,2,identity,137,1.5428078436927588,10.792247720354792,10.792297548346715,5.506628060504867,0.510236864378191,1.6696444225758822,-5.735974962733451,5.277281158276283,True
dog-run,2,identity,138,1.521563577243535,10.942930471694435,10.942980995391181,3.3282322194214475,0.3041431051395582,-0.15349589544656161,-3.3750420743579386,3.2814223644849565,True
dog-run,2,identity,139,1.4786274176629666,11.260689633603086,11.260741624399317,5.952124254280722,0.5285730241233758,2.8671188701849544,-5.945087735097101,5.959160773464344,True
dog-run,2,identity,140,1.3550546853057115,12.287595928486242,12.287652660526362,6.981666344385149,0.5681855222693183,-2.42674219032468,-7.505778282777661,6.457554405992638,True
dog-run,2,identity,141,1.3307320812366317,12.512183833853095,12.512241602819405,7.07817970297444,0.5657003698985081,2.5261599782079407,-6.478667284277727,7.677692121671153,True
dog-run,2,identity,142,1.2886356811300332,12.92092456995882,12.920984226088088,8.978711239254453,0.694893754387998,-0.12239292501094282,-8.543477685469464,9.413944793039443,True
dog-run,2,identity,143,1.2598575656188478,13.216068933840099,13.216129952655935,5.838501123279201,0.4417708621354685,-0.9911688162727151,-5.985743024483899,5.691259222074503,True
dog-run,2,identity,144,1.2007307254981967,13.866859638434125,13.866923661961739,11.77105194492772,0.8488582061799915,-2.105359265113325,-11.842888006429705,11.699215883425737,True
dog-run,2,identity,145,1.1739746027352929,14.182900034842563,14.182965517534093,11.579900784924053,0.8164654120189514,-0.4113435585759116,-11.633019361856817,11.52678220799129,True
dog-run,2,identity,146,1.1383283790582062,14.62703095201256,14.627098485264096,20.286256391131182,1.3868954537749467,-0.6028703662679302,-21.96970221910197,18.602810563160393,True
dog-run,2,identity,147,1.1028641587489114,15.097384661522444,15.097454366405092,15.512935667886488,1.027519957431097,-0.7717191274329315,-11.726980853801399,19.29889048197158,True
dog-run,2,identity,148,1.0834383503213796,15.368077407542092,15.368148362217767,5.8407045222340335,0.3800525856838595,0.29684153030276966,-4.709956216789264,6.971452827678803,True
dog-run,2,identity,149,1.0550270861268851,15.781930770293206,15.782003635736928,9.849590471363555,0.6241026614047942,0.32693506583575066,-10.684518177654947,9.014662765072162,True
dog-run,2,identity,150,1.0371298746481654,16.054271351200942,16.054345474045775,6.671631512507445,0.4155654631509659,-0.3013355830000224,-6.791834558639588,6.551428466375302,True
dog-run,2,identity,151,0.9910382760649831,16.80092972811364,16.801007298292927,14.975859450063682,0.891366760586153,2.6090379412947384,-15.579623928277154,14.37209497185021,True
dog-run,2,identity,152,0.9727364810219874,17.11703504380269,17.117114073445627,17.31316199495447,1.0114533279773474,1.367916013865177,-18.548145113364146,16.078178876544793,True
dog-run,2,identity,153,0.9310893127398773,17.882671625821096,17.88275419042119,7.972746426138376,0.4458343687578583,1.4999484472919828,-8.477363105306106,7.4681297469706465,True
dog-run,2,identity,154,0.9192314244375168,18.113354255950426,18.113437885616168,6.92227882305759,0.3821626168798444,-1.0276832807727054,-7.193945580413268,6.650612065701911,True
dog-run,2,identity,155,0.8972793701012661,18.55649978017384,18.556585455850026,7.250761368693762,0.3907379073561152,2.8016742985334773,-7.9656731863196235,6.535849551067901,True
dog-run,2,identity,156,0.878635048188132,18.950262077951525,18.950349571634977,8.298153600065486,0.437889209837386,-0.1659045712823806,-8.623893700555167,7.972413499575807,True
dog-run,2,identity,157,0.8340308001988039,19.963728473900243,19.963820646775343,8.026914301081035,0.4020730522029401,-2.642177373453013,-7.626181812412294,8.427646789749778,True
dog-run,2,identity,158,0.8158542477484831,20.408503700248858,20.40859792665874,10.664172648613668,0.5225333306548996,0.7409585485684319,-12.375991876758253,8.952353420469082,True
dog-run,2,identity,159,0.7906268432621967,21.05970038322729,21.05979761622338,9.058744198325964,0.4301439341158519,-2.60204277230223,-9.001643657721155,9.115844738930774,True
dog-run,2,identity,160,0.769548658112056,21.63653234726863,21.636632243507744,20.216938711160836,0.9343847269589333,-2.2241528124497245,-19.94979624122505,20.484081181096617,True
dog-run,2,identity,161,0.7564893085325858,22.010045940155482,22.010147560913236,11.065345196620203,0.5027383467555946,-0.9111737150713491,-12.259052862623651,9.871637530616756,True
dog-run,2,identity,162,0.7483982966246661,22.24799883849695,22.24810155788735,7.406122418451526,0.33288783760634727,1.3418435210736572,-7.449183149524424,7.363061687378628,True
dog-run,2,identity,163,0.7252970997165825,22.956612456529847,22.956718447601375,15.157204030007305,0.6602513362092046,-2.5450060867715556,-14.207312033782333,16.107096026232277,True
dog-run,2,identity,164,0.6924784092941108,24.044597218578254,24.044708232893985,8.878823863789954,0.3692631151017012,0.8713047108059403,-8.500044235066277,9.257603492513633,True
dog-run,2,identity,165,0.6772283594687281,24.58604132747858,24.58615484165102,11.41393729176603,0.46424247163813753,-5.823206959109841,-12.718685135149363,10.109189448382699,True
dog-run,2,identity,166,0.653106352075199,25.494108855523024,25.49422656225872,10.913790852290209,0.4280887214067057,0.07800486453768074,-12.13460152952063,9.69298017505979,True
dog-run,2,identity,167,0.6283181300969535,26.499894936135952,26.500017286603228,14.570133099298662,0.5498159847112409,2.2795028322353885,-14.044870227920635,15.09539597067669,True
dog-run,2,identity,168,0.618052063158116,26.940067716882634,26.940192099635134,7.1668847302005245,0.26602945902147407,-6.798422574060863,-7.440831338751565,6.892938121649484,True
dog-run,2,identity,169,0.6095432521024259,27.3161328201215,27.316258939172947,18.227103389983252,0.6672620665432568,1.068654392796808,-15.19757849080519,21.256628289161313,True
dog-run,2,identity,170,0.577774515156469,28.81810117486668,28.81823422853164,12.654233038904714,0.43910507974067076,6.379190863975914,-16.06934088066681,9.239125197142616,True
dog-run,2,identity,171,0.5651712259966329,29.460743343182628,29.460879363937448,10.501378314070696,0.3564516246899694,-3.5557930636415405,-10.394660068601024,10.608096559540366,True
dog-run,2,identity,172,0.5412169300222395,30.76467772978661,30.764819770828726,15.834432645536783,0.5146928460328908,-5.086433243734182,-13.414704046360843,18.254161244712723,True
dog-run,2,identity,173,0.5260927848072142,31.649102429983266,31.649248554429313,9.197282770540436,0.29060035200277373,6.040745820007826,-8.454380962322253,9.94018457875862,True
dog-run,2,identity,174,0.5126060941644915,32.4817918155606,32.48194178454781,14.175551158431002,0.4364132924212845,-0.3182028454043542,-10.08734383295001,18.263758483911996,True
dog-run,2,identity,175,0.4981021358221768,33.42761099900779,33.4277653348583,8.291815916654924,0.2480517567834025,2.6239914809083373,-8.635981963295935,7.947649870013914,True
dog-run,2,identity,176,0.48624148575857457,34.24299431806565,34.24315241855487,9.006020738006079,0.26300209244538214,2.228994409223473,-8.842511712438748,9.16952976357341,True
dog-run,2,identity,177,0.4541659423192107,36.661411353332944,36.66158061969491,9.654780894289814,0.263348735408947,8.816456546506457,-9.48805488222157,9.821506906358058,True
dog-run,2,identity,178,0.44152118610878865,37.71136008394419,37.71153419793725,10.215469307773487,0.27088447937852006,-2.8856070271254604,-10.287288155391805,10.14365046015517,True
dog-run,2,identity,179,0.42639985902408684,39.048709988194695,39.04889027675518,12.862317699777098,0.3293900955601217,-9.321693649201917,-13.633825948994623,12.090809450559572,True
dog-run,2,identity,180,0.4167751731433635,39.950470918072725,39.950655370078785,13.728277821068197,0.3436308539596587,10.06171447902274,-14.844245475995013,12.612310166141379,True
dog-run,2,identity,181,0.4003345713441566,41.59112309020349,41.59131511712866,13.152473371799937,0.3162312452674361,3.244489447584984,-13.48265260700713,12.822294136592744,True
dog-run,2,identity,182,0.38378128786856075,43.385034550567156,43.38523486001215,15.88851445990888,0.3662193949433522,-4.502172391893688,-14.687660550205154,17.089368369612608,True
dog-run,2,identity,183,0.37201611064277873,44.7571058287496,44.75731247307106,15.059335986926605,0.336466493514044,-1.4455658576538029,-16.342600040307637,13.776071933545575,True
dog-run,2,identity,184,0.34817725456465715,47.82151681578805,47.821737608547366,14.120592416509297,0.2952756031597118,6.410844672783868,-15.604947075837625,12.636237757180968,True
dog-run,2,identity,185,0.33647358681185896,49.484907840177094,49.48513631284118,11.29075762753168,0.22816462616476166,-3.0670546171678557,-11.506787167146054,11.074728087917304,True
dog-run,2,identity,186,0.30999875898987694,53.71106803231554,53.71131601723335,14.457611153482402,0.2691725361717754,-7.4894778868923915,-14.1110693211907,14.804152985774104,True
dog-run,2,identity,187,0.3059358458002818,54.424365966282366,54.42461724450892,15.595893026245296,0.28655953529592926,-2.655742025803849,-12.91752377395979,18.274262278530802,True
dog-run,2,identity,188,0.2711244526095366,61.412256525669804,61.412540067106356,23.184006077405567,0.3775125740129308,4.174072533363974,-23.06728272795021,23.300729426860922,True
dog-run,2,identity,189,0.2582645812761396,64.47018151604729,64.47047917597568,13.864340964113252,0.21504944807793003,-15.804590715125917,-13.44934231409689,14.279339614129613,False
dog-run,2,identity,190,0.23099213923451567,72.08195261196451,72.08228541556997,29.255032852304318,0.405856066905242,-7.920012632677241,-33.47148330562502,25.038582398983618,True
dog-run,2,identity,191,0.2249435826344652,74.02017981146686,74.02052156390039,23.438235507414376,0.3166451007398081,4.3307168719808775,-19.880933923686758,26.995537091141994,True
dog-run,2,identity,192,0.22110563274574926,75.3050215287144,75.30536921328395,19.36703606554564,0.25718001608481955,7.2625329141813735,-19.83681987105198,18.897252260039306,True
dog-run,2,identity,193,0.21230625980941573,78.42615874343724,78.4265208383507,27.322250501582865,0.3483802444570796,-11.283756484077456,-26.244886615597423,28.399614387568302,True
dog-run,2,identity,194,0.18645439497324293,89.29993007903124,89.30034237833239,25.384882584651578,0.2842641126402994,-9.05285684331973,-21.630509918653576,29.13925525064958,True
dog-run,2,identity,195,0.17649753859784661,94.33765799973492,94.33809355831204,34.442150123511695,0.36509270883476563,-15.272415454136079,-28.592034096011485,40.29226615101191,True
dog-run,2,identity,196,0.156621229007871,106.30975468339545,106.31024551734694,35.47230597806734,0.3336678022465786,-35.51031893316013,-28.798352311240098,42.14625964489458,False
dog-run,2,identity,197,0.14296405535616385,116.46538979716199,116.46592751985487,26.632767009627944,0.22867432198217497,-1.685016639580789,-25.347836216181214,27.917697803074674,True
dog-run,2,identity,198,0.12892060609165287,129.15208001893436,129.15267631629217,35.080071593205545,0.2716170705382457,-12.220261257506122,-28.032127090598763,42.128016095812335,True
dog-run,2,identity,199,0.10305837791720536,161.56245392698858,161.56319986359594,25.010833486143593,0.15480526201053,19.114350712363695,-27.406517824475703,22.615149147811483,True
dog-run,2,identity,200,0.08139641453859373,204.55894191929028,204.55988637141678,50.22769546887645,0.24554029805080485,30.553298965785,-70.65416719371223,29.80122374404067,False
dog-run,2,identity,201,0.07476568067376298,222.70063328510122,222.70166149772646,126.1278166030991,0.5663532806843775,17.723285310662902,-162.32847801823505,89.92715518796317,True
dog-run,2,identity,202,0.06292375200049516,264.6117547775543,264.6129764945415,92.39330227984551,0.34916391291094306,-17.81198447053929,-37.52351749086218,147.26308706882884,True
dog-run,2,identity,203,0.05708238616268408,291.69005630888205,291.6914030468498,80.19165863057964,0.2749195135439069,19.88035971159427,-124.53520071062198,35.848116550537306,True
dog-run,2,identity,204,0.05609260971479331,296.8370435730942,296.838414074791,66.62797131470555,0.22445872284548068,0.7090461420922222,-87.27564580169782,45.98029682771329,True
dog-run,2,identity,205,0.048246441264220695,345.11072729392146,345.1123206760397,84.946962972358,0.2461429450155694,8.107060185220739,-84.81606433124638,85.0778616134696,True
dog-run,2,identity,206,0.04544392766521839,366.3936039309918,366.3952955765141,62.60384298062284,0.17086421069385513,-0.01671986043220675,-39.815055629065284,85.39263033218039,True
dog-run,2,identity,207,0.042126992946101165,395.2421777491159,395.24400258899567,70.18385705614917,0.17757096020791896,35.502017057151,-38.5685130213772,101.79920109092113,True
dog-run,2,identity,208,0.03742782115379367,444.8659825967719,444.8680365506062,110.0416482663801,0.24735795612473105,14.743451971869083,-172.7415892667051,47.34170726605511,True
dog-run,2,identity,209,0.03656230121522433,455.39705873615947,455.3991613121527,79.83009489529029,0.17529697390147556,-94.28544743813815,-41.598750980345606,118.06143881023496,False
dog-run,2,identity,210,0.03130248658469647,531.9182675467991,531.9207234225187,111.28457705371775,0.2092127118824838,77.5770724156149,-98.92752883826286,123.64162526917265,True
dog-run,2,identity,211,0.02822704324269904,589.872778770242,589.8755022229262,314.64704977363346,0.5334126414606074,139.42007421392864,-280.64098861143026,348.65311093583665,True
dog-run,2,identity,212,0.026874914030476746,619.5504259160341,619.5532863909242,293.16469762014475,0.4731872206310345,-159.73302264421156,-441.8798331859509,144.44956205433866,True
dog-run,2,identity,213,0.025407084658315156,655.3433681179704,655.3463938494787,174.61226318705246,0.2664427008766875,-29.313857972447547,-261.71435045972675,87.5101759143782,True
dog-run,2,identity,214,0.024179096082581807,688.6264224754578,688.6296018754015,69.66964310336827,0.10117143223821808,0.318869237347574,-97.39522229401757,41.94406391271897,True
dog-run,2,identity,215,0.0222544066509811,748.1828069006111,748.1862612734025,306.80041054489044,0.41005886692268373,7.453324447532712,-85.99762881914567,527.6031922706352,True
dog-run,2,identity,216,0.02071325284971752,803.8507787667806,803.8544901595449,124.0693520800229,0.15434304790086856,99.7729719253998,-116.6423694072926,131.49633475275317,True
dog-run,2,identity,217,0.016947385411056205,982.4739350753323,982.4784711742511,159.86314718177502,0.16271414781303833,-64.77322896582359,-222.42694468945888,97.29934967409116,True
dog-run,2,identity,218,0.016363230692058108,1017.5474970306395,1017.5521950648017,377.78783343652685,0.37127120875845376,2.178394325053654,-640.0522058989939,115.5234609740599,True
dog-run,2,identity,219,0.011546380043373232,1442.0419535380481,1442.0486114703715,389.41176990193264,0.27004066770320073,205.1283857516348,-517.2632096998601,261.5603301040052,True
dog-run,2,identity,220,0.010040530479435409,1658.3152123427385,1658.3228688123813,791.7922657267884,0.4774656857345491,67.09936016961225,-1454.1649720848322,129.41955936874444,True
dog-run,2,identity,221,0.009375543052032793,1775.9360008942156,1775.9442004210464,431.11892759184803,0.24275477094924322,-460.9761080433167,-742.0378668726268,120.1999883110693,True
dog-run,2,identity,222,0.008631903490925415,1928.933108617692,1928.9420145347729,245.6882400686169,0.12736942749825095,95.01307448207169,-413.4640699494227,77.9124101878111,False
dog-run,3,identity,0,73.31150837960067,0.18774808200356943,0.18774935049834587,0.06317373151831687,0.3364790948710816,-0.002816250482279857,-0.05835023306389627,0.06799722997273748,True
dog-run,3,identity,1,69.20635662688093,0.19888483887782676,0.19888618261660962,0.07945003831083108,0.39947490200455965,-0.06506536978187771,-0.06450652729895665,0.09439354932270554,False
dog-run,3,identity,2,68.06650648087943,0.2022153890169919,0.20221675525819083,0.10014118832182267,0.4952170664293479,-0.40981585387181135,-0.08743601187210347,0.11284636477154188,False
dog-run,3,identity,3,66.10098208725596,0.20822829937518136,0.20822970624180404,0.048322163043731055,0.23206181248518679,-0.23518397420050258,-0.050247534987919514,0.046396791099542596,False
dog-run,3,identity,4,61.58480526395723,0.22349823187821508,0.223499741914092,0.1369714730641344,0.6128484618867389,-0.010256280338590735,-0.15589648781923257,0.11804645830903622,True
dog-run,3,identity,5,56.68105215193772,0.24283414941139353,0.24283579008780823,0.08612347403785921,0.35465725215676563,0.11052388139118835,-0.10452313842114686,0.06772380965457156,False
dog-run,3,identity,6,56.525538660585134,0.24350223656791511,0.24350388175817136,0.14308241532365581,0.5875980879259817,0.2683171552736351,-0.14443873826755743,0.1417260923797542,False
dog-run,3,identity,7,54.827558054264735,0.25104337263089177,0.2510450687718239,0.10028742338416086,0.3994797582553298,0.30640855559190044,-0.09422349272327131,0.10635135404505039,False
dog-run,3,identity,8,53.59560998920898,0.25681385266125184,0.2568155877896599,0.13899336564123949,0.541218571806784,0.1144617675144757,-0.09267100335043565,0.18531572793204332,True
dog-run,3,identity,9,51.52674227950879,0.26712527278349507,0.26712707757963217,0.1228362017454171,0.4598418208232705,-0.07651548644855029,-0.12279722519778592,0.12287517829304828,True
dog-run,3,identity,10,50.20904915831441,0.2741357448068573,0.27413759696831,0.1847956670651918,0.6740982233332772,-0.018696762524804775,-0.2055327853946028,0.1640585487357808,True
dog-run,3,identity,11,49.71010503169562,0.2768872662466217,0.2768891369983606,0.1802131116164642,0.6508493383672586,-0.06930516908769323,-0.14001159684853592,0.22041462638439246,True
dog-run,3,identity,12,45.88854262577692,0.299946224034732,0.29994825058123176,0.20355285888697353,0.678626591395463,0.26106133339782883,-0.21407394701336896,0.1930317707605781,False
dog-run,3,identity,13,45.18149643845498,0.30464008879846893,0.30464214705843745,0.2944370959286251,0.9665015125833696,-0.10956139995503246,-0.3295867665788652,0.259287425278385,True
dog-run,3,identity,14,44.39011554800428,0.3100711705103333,0.31007326546467784,0.12388868937180253,0.39954650455318075,-0.0509241926210001,-0.14433801798744977,0.1034393607561553,True
dog-run,3,identity,15,42.06357452541025,0.3272212417122054,0.3272234525387097,0.13702362747041846,0.418746353317108,-0.05478549714783315,-0.12867921843222405,0.14536803650861285,True
dog-run,3,identity,16,41.20902172158298,0.334006839086155,0.3340090957586393,0.20626483227807402,0.617542560658661,-0.2343357468039009,-0.19685936751922198,0.21567029703692608,False
dog-run,3,identity,17,39.97814701283794,0.3442904715578402,0.34429279771031024,0.19304875323542706,0.5607109835560931,0.0031682172280488785,-0.18444198688029148,0.20165551959056263,True
dog-run,3,identity,18,37.90268252156769,0.36314303292983224,0.3631454864571088,0.3501051114452758,0.9640904940357197,-0.25119394170366527,-0.4065633913443205,0.2936468315462311,True
dog-run,3,identity,19,36.941969955350054,0.3725869276515199,0.3725894449852068,0.083600594351958,0.22437724814044924,0.0914816474816741,-0.0818560168222735,0.0853451718816425,False
dog-run,3,identity,20,35.37211681093582,0.38912274209168213,0.389125371147385,0.2695004121953539,0.6925799040054832,-0.06362872418569077,-0.3171597562930771,0.2218410680976308,True
dog-run,3,identity,21,35.0566960666141,0.3926238531122371,0.3926265058227279,0.14669050419469948,0.3736133501412936,-0.1960435088825386,-0.13909207802005166,0.1542889303693473,False
dog-run,3,identity,22,33.41235330646781,0.41194629306144215,0.4119490763214108,0.09007469278583263,0.21865492111348875,0.04838426933903569,-0.076348586543914,0.10380079902775127,True
dog-run,3,identity,23,32.47813357286722,0.42379575341599646,0.4237986167352575,0.24033945768926296,0.5671076973792968,-1.3248864445743382,-0.23869493531083258,0.24198398006769337,False
dog-run,3,identity,24,31.239713676236683,0.440596070428413,0.440599047256766,0.2904211074683534,0.6591505571257079,0.8180414824833806,-0.3141275886340437,0.2667146263026631,False
dog-run,3,identity,25,30.354118087011777,0.45345066681242674,0.45345373049113924,0.2711186097786225,0.5978969662130067,-0.8730930345092137,-0.17177539120693916,0.37046182835030583,False
dog-run,3,identity,26,28.938815800188934,0.4756274473044875,0.475630660817648,0.46500589246433977,0.977661725307945,0.1675331580805924,-0.427822428610596,0.5021893563180836,True
dog-run,3,identity,27,26.9511806131937,0.5107047177117187,0.5107081682197595,0.25047534372263874,0.4904471071918676,-0.08483438703382853,-0.2322175446150652,0.2687331428302123,True
dog-run,3,identity,28,25.55882170560479,0.5385261983356732,0.5385298368158228,0.3050594720615937,0.5664671689600813,-0.4161285451578168,-0.34090946223843016,0.26920948188475724,False
dog-run,3,identity,29,25.328288825444712,0.543427753130771,0.5434314247276195,0.21753435911013314,0.4002977178199925,-0.39964673283091184,-0.23172156758129903,0.20334715063896727,False
dog-run,3,identity,30,24.764113233067317,0.5558081146503381,0.5558118698934413,0.44600274337773016,0.8024347221358128,0.1909981793271363,-0.3960119058360578,0.4959935809194026,True
dog-run,3,identity,31,24.123540287591894,0.5705669616883841,0.5705708166476613,0.3342590767007584,0.5858327607161338,-0.3759327214512651,-0.3044678684742172,0.36405028492729957,False
dog-run,3,identity,32,23.870872854753735,0.5766062753887778,0.5766101711518691,0.35433318547813153,0.6145108137275753,-0.014337954072257093,-0.3260286224666942,0.38263774848956883,True
dog-run,3,identity,33,23.486853809682096,0.586034008581626,0.5860379680419338,0.2731423738249467,0.4660830675144961,-0.17839326713882475,-0.2778291101925733,0.26845563745732015,True
dog-run,3,identity,34,23.175738692479705,0.5939010302840938,0.5939050428968805,0.491600007461352,0.8277417633355714,-0.13942789561657168,-0.5146600829304132,0.4685399319922908,True
dog-run,3,identity,35,22.834153307378006,0.6027854373129429,0.6027895099520362,0.6453603525551195,1.0706230647684474,0.009524545903763823,-0.6469829858983024,0.6437377192119366,True
dog-run,3,identity,36,22.201320897018245,0.6199673952240934,0.6199715839507842,0.6577292151243641,1.0609021964086942,-0.7530688510247361,-0.5941307522233571,0.7213276780253711,False
dog-run,3,identity,37,21.64001252508766,0.6360483881930137,0.6360526855687805,0.36031905553335897,0.5664924678545286,-0.1396729677191039,-0.4343861497751797,0.2862519612915383,True
dog-run,3,identity,38,21.48183987009628,0.6407316677850715,0.6407359968027904,0.4308623976514819,0.672449183129156,-0.0806332308378553,-0.39171750090612195,0.4700072943968418,True
dog-run,3,identity,39,20.97474603876646,0.6562222523037571,0.6562266859815356,0.3771206670207964,0.5746804802013302,-0.3850670099711386,-0.40716452464941455,0.3470768093921782,True
dog-run,3,identity,40,20.158346978044314,0.6827987980388446,0.6828034112774963,0.3088241703693282,0.4522885581247042,0.2624711808280565,-0.28031826394050485,0.3373300767981515,True
dog-run,3,identity,41,19.874353119616,0.6925556270545209,0.6925603062138812,0.5136414114082888,0.7416558627454206,0.04196407251081541,-0.5122567185825077,0.5150261042340698,True
dog-run,3,identity,42,19.377817512058055,0.710301615674406,0.7103064147321618,0.729407460467242,1.0268912758478785,-0.22601548358401427,-0.7908029089904567,0.6680120119440273,True
dog-run,3,identity,43,19.19714713455726,0.7169864871370155,0.7169913313602105,0.7048253363276484,0.9830318798841238,-0.058861100293063934,-0.7030226790850599,0.706627993570237,True
dog-run,3,identity,44,19.01003375669845,0.7240436951990504,0.7240485871033256,0.630328153458836,0.8705605738153105,-0.0018133744005281109,-0.6771496657236749,0.5835066411939971,True
dog-run,3,identity,45,18.37245803434026,0.7491700381806257,0.7491750998476737,0.5162500136158842,0.6890912601351151,0.13905277230868776,-0.6088174941145387,0.42368253311722975,True
dog-run,3,identity,46,18.134727280865743,0.7589910161803957,0.758996144201566,0.5843626854371504,0.7699152227602907,-0.15406013907768243,-0.5764875132699633,0.5922378576043377,True
dog-run,3,identity,47,17.432893182935214,0.7895473770545495,0.7895527115256805,0.5688803754925482,0.7205096850256908,-0.5174633817272614,-0.6212782423030295,0.5164825086820668,True
dog-run,3,identity,48,17.301128178682024,0.7955605521736077,0.7955659272719515,0.980148176045392,1.2320137683703791,-0.15088730654321564,-1.0707071054335917,0.8895892466571922,True
dog-run,3,identity,49,17.194277510481317,0.8005044165809405,0.800509825081842,0.4345079178508291,0.5427889880132404,0.29668059940679326,-0.4517670883446681,0.41724874735699,True
dog-run,3,identity,50,16.873826680790195,0.815706795348811,0.8157123065625494,0.8464068396591129,1.0376291161106932,0.5095028097985564,-0.817337433076646,0.8754762462415799,True
dog-run,3,identity,51,16.457426584962082,0.8363455255899807,0.8363511762465363,0.4920376603214933,0.588314662902384,0.24267513429852802,-0.4502269668815693,0.5338483537614173,True
dog-run,3,identity,52,16.316477061238206,0.8435702777872884,0.8435759772569147,0.5671790596424765,0.6723508906533735,-0.058500900487095546,-0.5703467917440224,0.5640113275409306,True
dog-run,3,identity,53,15.878032892949781,0.866863998825082,0.8668698556756166,0.8112694674673884,0.9358607432889743,0.16439016779303697,-0.8025395418425819,0.8199993930921949,True
dog-run,3,identity,54,15.775960217726967,0.8724727304771178,0.8724786252222965,1.587690681396119,1.8197473674402,0.032825430516279265,-1.5728481161340906,1.6025332466581474,True
dog-run,3,identity,55,15.292719064363185,0.9000423684714954,0.9000484494872402,0.6412206778786645,0.7124290678395919,0.26732829392730434,-0.7335136409489381,0.548927714808391,True
dog-run,3,identity,56,15.055404907918593,0.9142294857721974,0.9142356626413012,0.6342900113252833,0.69379268086389,-0.5516727063559678,-0.7139303490299578,0.5546496736206088,True
dog-run,3,identity,57,14.909227999926443,0.9231930108739729,0.9231992483039335,0.7014660093413747,0.7598208194277468,0.05643785501886743,-0.7570129985087384,0.6459190201740109,True
dog-run,3,identity,58,14.66276374166144,0.9387108276150279,0.9387171698890399,0.6084336355463653,0.6481543696684323,0.2506781631312302,-0.600893666081377,0.6159736050113537,True
dog-run,3,identity,59,14.366351780984106,0.9580786616458435,0.9580851347760333,0.9082982689604624,0.9480350294473473,-0.04124275293397919,-0.8442656044654946,0.9723309334554301,True
dog-run,3,identity,60,14.13097625554791,0.9740370968109696,0.9740436777621893,1.1874820698717135,1.219126099765759,0.5168587215596657,-1.051462126059032,1.323502013684395,True
dog-run,3,identity,61,13.865289834875686,0.9927015771742099,0.9927082842294921,0.7663480263763012,0.771977063706198,0.6339794295602181,-0.8202050550364243,0.7124909977161781,True
dog-run,3,identity,62,13.635845725980879,1.0094053103602805,1.0094121302720989,0.6651718548569903,0.6589695476293567,-0.695367583491354,-0.538280917528204,0.7920627921857766,False
dog-run,3,identity,63,13.42125403090078,1.0255446365420477,1.0255515654970626,1.013966658471718,0.9887037303485274,-0.43992187237295355,-0.8870931723556497,1.1408401445877865,True
dog-run,3,identity,64,13.32930869951013,1.0326188249781088,1.032625801728931,0.7310977749495804,0.707998748167535,-0.9889439753117669,-0.9415233808246942,0.5206721690744666,False
dog-run,3,identity,65,12.917828642748413,1.065511508761597,1.0655187077474322,0.6474442730537148,0.6076329475457537,-0.012159302057023624,-0.6934330828780788,0.6014554632293507,True
dog-run,3,identity,66,12.827282863853025,1.0730327874693963,1.0730400372717444,0.6832611769150263,0.6367527335254428,-0.1856283113387491,-0.7612622421753504,0.6052601116547022,True
dog-run,3,identity,67,12.539034269964716,1.0976997742185264,1.0977071906800668,1.1907008075347645,1.0847162318369117,0.1564127295053905,-1.177712891522622,1.2036887235469071,True
dog-run,3,identity,68,12.402081951429784,1.1098213300769093,1.1098288284361186,1.3634546290839566,1.228526953120534,-0.42875584088637514,-1.4444882122890796,1.2824210458788337,True
dog-run,3,identity,69,12.25412653476945,1.123221230660941,1.1232288195547855,0.8020137348462507,0.714025246578115,-0.1578362933192195,-0.7314630527882788,0.8725644169042226,True
dog-run,3,identity,70,12.053599561808094,1.1419074456953304,1.1419151608400842,0.779705537707841,0.6828051368844488,0.4707891247030116,-0.5794980150382657,0.9799130603774163,True
dog-run,3,identity,71,11.973839605708033,1.1495139019982503,1.149521668535008,0.7463008501645246,0.6492273008786666,-0.3285611714780687,-0.8471507063680666,0.6454509939609827,True
dog-run,3,identity,72,11.73351170298905,1.173058453042008,1.1730663786543722,0.9775218393205726,0.8333047959672074,0.12656510590097897,-1.005918424596176,0.9491252540449691,True
dog-run,3,identity,73,11.679941793794935,1.1784386711902042,1.1784466331532915,0.9061938386692425,0.7689731661793169,0.05669949241929317,-0.7562560402045274,1.0561316371339575,True
dog-run,3,identity,74,11.39760357046802,1.2076306218196917,1.2076387810142846,0.7923411035222081,0.656107700397571,0.98245133006975,-0.6565257853833585,0.9281564216610577,False
dog-run,3,identity,75,11.33391967030326,1.2144161497035164,1.2144243547436202,0.8110382769588649,0.6678376251191742,-0.1295750313278333,-0.8920751815165864,0.7300013724011433,True
dog-run,3,identity,76,11.033200688489673,1.247516063169045,1.2475244918442814,1.8708272366860634,1.4996316696919678,-2.1883382480488343,-2.584759621596874,1.1568948517752526,True
dog-run,3,identity,77,10.7289917843444,1.282888025615139,1.2828966932763035,2.006246184560508,1.5638407948787296,-3.0911315764925305,-2.815238892335099,1.1972534767859175,False
dog-run,3,identity,78,10.660292694749257,1.291155457095297,1.2911641806142558,1.3183886721062308,1.021085228277494,0.5308072283674438,-1.2472644596879183,1.3895128845245432,True
dog-run,3,identity,79,10.540632658485384,1.3058129936800624,1.3058218162307051,0.9251913520519104,0.7085127086653398,0.49299031405110794,-0.9625459997884,0.8878367043154207,True
dog-run,3,identity,80,10.400971728250479,1.3233470339769742,1.323355974994011,1.0064347683841788,0.7605170395582591,1.5419537827857737,-0.7788598138079096,1.234009722960448,False
dog-run,3,identity,81,10.239569291255513,1.344206450051862,1.3442155320027505,1.124727645256172,0.8367167455507951,-0.17182705087004266,-1.3061405564153818,0.9433147340969621,True
dog-run,3,identity,82,10.026206525996413,1.3728118457734189,1.3728211209928334,0.8184312594341169,0.5961674444826591,-0.7847018361821856,-0.8800866052693059,0.7567759135989278,True
dog-run,3,identity,83,9.884759009688246,1.3924563131552499,1.392465721099878,0.7877375736538508,0.5657141585012478,1.0107293338821879,-0.7798255663651283,0.7956495809425731,False
dog-run,3,identity,84,9.83191519871207,1.3999403787434679,1.399949837253184,1.5813348266572549,1.1295653491127675,2.698432882130353,-0.8853697725388701,2.2772998807756397,False
dog-run,3,identity,85,9.640192444685896,1.4277821906601063,1.427791837279296,1.6737945434746746,1.1722959186152409,2.0496973842566257,-1.2200584083022814,2.1275306786470676,True
dog-run,3,identity,86,9.242691465572355,1.4891869038718681,1.4891969653637804,0.8843763471843498,0.5938612337746166,-0.29299408111679054,-0.936185503262014,0.8325671911066856,True
dog-run,3,identity,87,9.163732448271212,1.5020184367839444,1.5020285849703898,1.9354586341866242,1.2885631162770306,-3.2278841343736193,-2.6862794154219376,1.184637852951311,False
dog-run,3,identity,88,9.079364905268958,1.5159755369090873,1.515985779394811,0.9377575546660459,0.6185793873610103,1.3241348691615595,-0.7766250670537171,1.0988900422783747,False
dog-run,3,identity,89,8.797346887932497,1.564573417690182,1.5645839885209791,0.8115906850399691,0.5187261859986028,-0.7953542847905186,-0.8954293470305729,0.7277520230493654,True
dog-run,3,identity,90,8.67702554218932,1.586268822205839,1.5862795396187324,1.0772071446770528,0.6790777525479293,0.7509706872352517,-0.8253758814660295,1.3290384078880761,True
dog-run,3,identity,91,8.52924280633314,1.6137534596668424,1.6137643627760088,0.8452502902459473,0.5237755336175238,0.10897614708157416,-0.769941888847053,0.9205586916448417,True
dog-run,3,identity,92,8.290376310924787,1.6602497366640354,1.660260953919071,1.074263209338086,0.647044795459576,-1.6489816622450124,-1.2581369294259006,0.8903894892502714,False
dog-run,3,identity,93,8.266634118754297,1.665018058054897,1.6650293075264584,0.7765041683760396,0.4663606609601378,0.989241859320543,-0.6358174409579009,0.9171908957941785,False
dog-run,3,identity,94,8.081417843895663,1.7031782482891178,1.703189755584894,0.7984682404380588,0.4688075640543387,-0.5281682262669741,-0.9327300251972854,0.664206455678832,True
dog-run,3,identity,95,7.714595653461805,1.7841628654746422,1.7841749199321413,0.7757239932186921,0.43478023626080103,0.5250057781522267,-0.7640722267904346,0.7873757596469497,True
dog-run,3,identity,96,7.626081272356785,1.8048712825748499,1.8048834769459963,0.7301014371053958,0.40451444452291424,1.3080405838983273,-0.6852819233498709,0.7749209508609205,False
dog-run,3,identity,97,7.363048255390006,1.8693473965735372,1.8693600265689145,0.6682029239112731,0.3574500975811037,0.00036854317857812,-0.6796682495142118,0.6567375983083344,True
dog-run,3,identity,98,7.347491574036531,1.873305324458777,1.8733179811953653,1.5080177788482787,0.8049982939287283,1.5793970874481933,-1.074924035037991,1.9411115226585665,True
dog-run,3,identity,99,7.228796155722688,1.9040646313096359,1.9040774958673605,0.721733906680389,0.37904649797440043,-0.5565636213618405,-0.7734977319011357,0.6699700814596423,True
dog-run,3,identity,100,6.930655963770293,1.9859729236323158,1.9859863415924528,1.004716172556565,0.5059028612205553,-0.7067704579020253,-0.918800906916338,1.090631438196792,True
dog-run,3,identity,101,6.463970298904134,2.1293561774861685,2.129370564196059,1.0311099808459097,0.48423228825613257,-0.9142710876890686,-1.1998211017427984,0.862398859949021,True
dog-run,3,identity,102,6.216272785820883,2.2142038422853787,2.214218802257154,1.3419333797966129,0.6060527434906878,-0.020916729190497307,-1.3945716479513164,1.2892951116419094,True
dog-run,3,identity,103,6.016531263330644,2.2877127176164755,2.2877281742411233,2.1923025983186997,0.9582880619310999,-1.5429726842899993,-2.2620125065641337,2.1225926900732657,True
dog-run,3,identity,104,5.803444815188478,2.371711203496921,2.37172722764609,2.226790968418771,0.938889996481102,0.9788069528014444,-2.038721915159964,2.414860021677579,True
dog-run,3,identity,105,5.737801320341698,2.398844839444345,2.398861046918293,3.0052078935427247,1.2527644722912892,4.592306530621543,-1.6550314713726437,4.355384315712805,False
dog-run,3,identity,106,5.354940681010344,2.5703543525456367,2.570371718800647,1.2435788190295265,0.4838128314023735,-1.3527187922063124,-1.6193448443464664,0.8678127937125867,True
dog-run,3,identity,107,5.140709654534454,2.6774698460003026,2.6774879359667993,1.3671317433658583,0.5106023915182304,1.8369171316964714,-1.0856695175487576,1.648593969182959,False
dog-run,3,identity,108,5.039960185997691,2.73099282119308,2.7310112727803943,2.2452581252931942,0.8221343308507608,-0.792890616410912,-2.1436089533069382,2.3469072972794507,True
dog-run,3,identity,109,4.79780675266086,2.8688306546371583,2.8688500375073382,1.6560603272526428,0.5772558013145735,0.8903201666142609,-1.529874735227181,1.7822459192781048,True
dog-run,3,identity,110,4.642404368778162,2.9648634616206895,2.964883493323669,2.8357836180419187,0.9564570157402618,4.06479645632266,-1.80712950779602,3.8644377282878173,False
dog-run,3,identity,111,4.558747235633691,3.019271386549105,3.019291785851945,1.3539745566804866,0.4484411089464941,-1.44972835156762,-1.4090216937964597,1.2989274195645133,False
dog-run,3,identity,112,4.352617212409953,3.1622571927104386,3.1622785580777313,2.334152757764217,0.7381237025441204,-2.150736359294619,-2.3011614846241994,2.3671440309042353,True
dog-run,3,identity,113,4.244243179266301,3.243003406189845,3.2430253171081174,2.549132954572454,0.786035477775911,-2.9963093380182855,-3.1530123689515253,1.9452535401933828,True
dog-run,3,identity,114,4.045437214206822,3.402375159530766,3.402398147222948,2.7793544728467188,0.816881021145406,-0.6024257127206569,-3.414938877187791,2.143770068505646,True
dog-run,3,identity,115,3.9744085705576184,3.463180707948076,3.4632041064648016,2.7670686420900514,0.798990921997561,-2.4130326062168046,-3.2863063385625098,2.247830945617593,True
dog-run,3,identity,116,3.7440524183560036,3.6762559785694413,3.676280816700704,2.048884431425747,0.5573253332873869,1.8017907616943787,-1.9948437152903677,2.1029251475611255,True
dog-run,3,identity,117,3.503054359354628,3.929169711655405,3.9291962585644433,2.7048097392602153,0.6883875381293463,2.6428572423600536,-2.3081252969508155,3.101494181569615,True
dog-run,3,identity,118,3.3176548109098913,4.148742371206403,4.148770401628713,1.8885560974753366,0.45520863163069525,-0.8501850836811805,-1.955067358224758,1.8220448367259152,True
dog-run,3,identity,119,3.186617652919889,4.31934313627072,4.319372319334252,3.0342411743046434,0.7024727089912715,-2.068456448240713,-3.4561486710517473,2.612333677557539,True
dog-run,3,identity,120,2.967698335081243,4.637969743876218,4.63800107969776,2.794846739265843,0.6025972593020551,0.7193526254871494,-3.2138301020105833,2.3758633765211026,True
dog-run,3,identity,121,2.7796085832987925,4.951810542592165,4.951843998837041,4.5731675228310085,0.923528189479522,-1.1210028526866636,-4.0938000425537036,5.0525350031083125,True
dog-run,3,identity,122,2.7443607636471694,5.015410243938404,5.015444129886146,2.9322340559504685,0.5846409570147145,0.8399169551207301,-3.354481016710127,2.5099870951908096,True
dog-run,3,identity,123,2.569417615080445,5.356892941915827,5.356929135045692,2.797264993562513,0.5221769642727696,0.8962048262535663,-2.5550430944468916,3.039486892678134,True
dog-run,3,identity,124,2.4461829241458553,5.626764438258314,5.626802454738808,5.7976734791053115,1.0303673401973794,-0.32667564085833567,-6.660912993252243,4.934433964958379,True
dog-run,3,identity,125,2.3817611925571307,5.778956819882134,5.7789958646300805,2.7214008409608894,0.47091240497627335,0.5780674516818212,-2.725378462723887,2.7174232191978915,True
dog-run,3,identity,126,2.2452311836201373,6.130368751099322,6.130410170114929,2.203726317905285,0.35947453053764766,-2.212865731939192,-2.3949373126466096,2.0125153231639596,True
dog-run,3,identity,127,2.22847094762142,6.176474995893427,6.176516726419704,4.772527940436644,0.772689227898052,-1.4227857602567546,-5.389751340745693,4.155304540127595,True
dog-run,3,identity,128,2.1642351851842307,6.359796375774643,6.359839344887277,2.6662664034873513,0.419234867250347,-0.0014037146293271133,-3.0027548104484207,2.3297779965262824,True
dog-run,3,identity,129,2.03912440896257,6.750002612180631,6.750048217669444,1.9517694048779077,0.2891489574502307,0.46963938787956366,-1.9337509394593377,1.9697878702964775,True
dog-run,3,identity,130,1.9050713584916203,7.224976127905592,7.225024942489373,4.221741071632753,0.5843220065311162,-0.45172524792959473,-4.429179777209099,4.0143023660564054,True
dog-run,3,identity,131,1.8796612321988468,7.322646682964916,7.322696157446715,3.4937178438821217,0.47710812640085215,-1.6441925792470624,-2.83658858820314,4.150847099561103,True
dog-run,3,identity,132,1.7819519114898315,7.724167525683073,7.72421971298668,3.3783124481976543,0.437366177261597,-1.2771653411427748,-3.756613881618601,3.0000110147767076,True
dog-run,3,identity,133,1.7112515898767757,8.043291336284318,8.043345679705219,2.6071238145655027,0.32413424940118346,-0.34137142369070234,-2.5868266378931586,2.6274209912378472,True
dog-run,3,identity,134,1.6605545940572228,8.288854299832987,8.288910302367182,3.032065647602497,0.36579785966999634,-1.0807791333943881,-3.474133988475551,2.5899973067294435,True
dog-run,3,identity,135,1.6262010884733702,8.46395638560294,8.46401357119092,4.440130392681505,0.5245892336225024,-3.6078550453523968,-3.8912678584546447,4.988992926908365,True
dog-run,3,identity,136,1.6094068531752233,8.552278163786392,8.552335946108641,5.70941959703066,0.6675859827078562,-1.5718950805845873,-5.574002905559998,5.844836288501321,True
dog-run,3,identity,137,1.5684791498028159,8.775440265679663,8.775499555766775,2.9211784404296135,0.3328788773637366,-0.061866775237353344,-3.1162142229323173,2.7261426579269097,True
dog-run,3,identity,138,1.5079864654589943,9.127465930451292,9.127527598952668,4.357083460175495,0.47735637202296116,-0.007462444991107452,-4.6136341275292905,4.1005327928217,True
dog-run,3,identity,139,1.4230388529122777,9.672325572060197,9.67239092183279,8.104242122229284,0.8378737157879096,0.9529927913864864,-8.283977529253761,7.924506715204806,True
dog-run,3,identity,140,1.3908572485617015,9.896123488799597,9.896190350632839,4.614265301691583,0.466266829780261,-2.464407233157226,-4.214333254165802,5.0141973492173655,True
dog-run,3,identity,141,1.3771843406535544,9.994373796413315,9.994441322061625,4.858410952341483,0.48611130885496096,-1.98950352434462,-4.6533797776197625,5.063442127063204,True
dog-run,3,identity,142,1.3552397405851095,10.156206813354027,10.156275432405431,5.265565781603032,0.5184544094582442,-0.15474812346265282,-4.592167523465421,5.938964039740643,True
dog-run,3,identity,143,1.3013926042204198,10.576435613988918,10.576507072259961,5.514808563059675,0.5214205905013671,0.5718879255767022,-4.7975007534492775,6.232116372670072,True
dog-run,3,identity,144,1.2691915117118933,10.844773984103895,10.844847255367181,5.251902878192952,0.4842763346061655,-1.8119329084167268,-5.0764676032606335,5.427338153125272,True
dog-run,3,identity,145,1.2194213594724965,11.28739871590635,11.287474977704374,5.436403036095195,0.481631458482386,-2.709473418698688,-6.549451169819025,4.3233549023713636,True
dog-run,3,identity,146,1.177267764970286,11.691558621250481,11.691637613700797,4.689593062067938,0.401106604311141,1.4302850079178782,-4.498885328793742,4.880300795342134,True
dog-run,3,identity,147,1.1496341320699188,11.972587367666572,11.972668258849978,7.470766196859673,0.6239850662643575,-1.545133964418625,-8.98078248586098,5.960749907858367,True
dog-run,3,identity,148,1.1418181640942557,12.054542062725869,12.054623507625195,3.8946641546926335,0.32308467802657215,-1.714773721828509,-4.09063809401331,3.698690215371957,True
dog-run,3,identity,149,1.0961724560986468,12.5565051470514,12.556589983397105,2.9004432375678313,0.230989722639899,1.0339630941562723,-2.9746156719672103,2.826270803168452,True
dog-run,3,identity,150,1.0757911343696482,12.794393490817901,12.794479934424356,4.884088865646019,0.3817340674008226,-0.03004534471053175,-4.9186852323550845,4.849492498936954,True
dog-run,3,identity,151,1.0407715124068264,13.224896072749535,13.224985424989013,12.557211233164994,0.9495066217190501,0.29134127019109135,-13.05601504745733,12.058407418872656,True
dog-run,3,identity,152,1.0167897396588343,13.536815479350658,13.536906939031836,7.989040687049238,0.5901673641571638,0.6604569029493956,-7.899335176105928,8.07874619799255,True
dog-run,3,identity,153,0.9993709275415844,13.772759150516615,13.772852204319618,4.775629443635365,0.34674222686696454,-4.056779698210473,-4.33892467395213,5.212334213318601,True
dog-run,3,identity,154,0.9613101532806605,14.318058578790565,14.318155316836162,7.371130921456993,0.514810096576447,1.1677963029621605,-8.104979044724866,6.637282798189122,True
dog-run,3,identity,155,0.919385228253147,14.97097697905233,14.971078128453662,9.409059820743362,0.6284824472902012,0.48621318329778734,-10.402518173012457,8.415601468474266,True
dog-run,3,identity,156,0.9047992042608173,15.212320062000185,15.212422842003729,10.218680996081906,0.6717326426048735,1.6708055811681464,-11.632498033829007,8.804863958334805,True
dog-run,3,identity,157,0.8729263685500684,15.76776184447356,15.767868377245135,3.1342986460213886,0.1987775754485968,0.25184140399581084,-2.9583601019279353,3.3102371901148424,True
dog-run,3,identity,158,0.8215549649422764,16.753711771464637,16.753824965674877,11.605689856583144,0.6927188197537459,4.190902614778343,-12.652362064139046,10.559017649027242,True
dog-run,3,identity,159,0.8108097711053247,16.97573904208743,16.975853736395194,6.010572299988924,0.3540659806170822,3.2179418354753433,-6.035239107565172,5.985905492412676,True
dog-run,3,identity,160,0.7866668524315551,17.49672691116243,17.496845125454964,10.567713462582343,0.6039782250348721,1.5524433819266135,-10.108375655919211,11.027051269245474,True
dog-run,3,identity,161,0.7802784823659396,17.639977774759995,17.640096956907808,7.311947877264488,0.4145072385444657,0.54820331573311,-6.440170078605888,8.183725675923087,True
dog-run,3,identity,162,0.7570824604642019,18.180443750630857,18.180566584364673,12.819650232654146,0.7051293023881375,-4.3700628216961075,-12.005110974417965,13.634189490890327,True
dog-run,3,identity,163,0.7311288716836731,18.82581254842545,18.825939742507114,11.134663588433462,0.5914532682420358,-1.2108301175270269,-13.1334183426662,9.135908834200722,True
dog-run,3,identity,164,0.7232406290182318,19.031141966875953,19.031270548238393,12.549168330041898,0.659397295531774,2.42691463326279,-10.878120610499675,14.220216049584119,True
dog-run,3,identity,165,0.7075935728910326,19.451978670216477,19.452110094905706,8.331313368362732,0.42829869498551787,-4.551027969004852,-9.846483215505796,6.816143521219669,True
dog-run,3,identity,166,0.6746614130773787,20.401485575224374,20.401623415129848,12.918347025546936,0.6332019154890727,-1.4974408733525284,-14.05499188953199,11.781702161561883,True
dog-run,3,identity,167,0.6536499718423842,21.057287049616207,21.057429320356537,21.08299777216495,1.001214224747923,0.9108392693218323,-23.549988414080175,18.616007130249724,True
dog-run,3,identity,168,0.6385314617564868,21.555860457049445,21.556006096334293,7.042772888308029,0.3267197484002237,-0.7010291698971259,-7.177914756124612,6.907631020491447,True
dog-run,3,identity,169,0.6302681846247783,21.838473562254936,21.83862111097737,9.523155875717162,0.4360694673589197,1.0666868134257754,-10.33849053593083,8.707821215503493,True
dog-run,3,identity,170,0.6009705028250547,22.903112585985646,22.903267327799096,10.399155039453905,0.4540467912554911,0.2454737228582162,-11.205697628575411,9.592612450332398,True
dog-run,3,identity,171,0.590008170947067,23.328651643865943,23.32880926077706,8.447706049672169,0.36211475498989026,0.5623534099329549,-7.92877986535786,8.966632233986479,True
dog-run,3,identity,172,0.5687872253958342,24.199022890290536,24.199186387748423,12.276855021655471,0.5073251151894513,-7.126217469278547,-12.42960846563523,12.124101577675713,True
dog-run,3,identity,173,0.5532379153331386,24.879160855724113,24.879328948443103,8.695694264004526,0.3495148234112112,-0.6719185924349925,-8.791139474289938,8.600249053719113,True
dog-run,3,identity,174,0.5329142726476372,25.827972327848403,25.82814683108505,9.571075450020409,0.37056764128742276,2.3774321773283287,-9.284083784927587,9.858067115113231,True
dog-run,3,identity,175,0.5095474445528159,27.012391552936048,27.012574058542587,11.607951697336826,0.42972401194272236,2.179012984238387,-11.098029045127879,12.117874349545772,True
dog-run,3,identity,176,0.4824869209476293,28.52739522975097,28.52758797127696,14.907373787466874,0.5225599094629515,1.196874429162813,-12.870492317665745,16.944255257268004,True
dog-run,3,identity,177,0.47379405158725735,29.05079757955496,29.050993857378913,20.72451118443504,0.7133838961303227,1.1922011626894158,-23.911896527664183,17.5371258412059,True
dog-run,3,identity,178,0.45465855437288594,30.27347655658554,30.27368109527621,13.535766341478048,0.44711332919438457,3.9784664138446346,-15.09861454817842,11.972918134777679,True
dog-run,3,identity,179,0.4493091945990256,30.63390478652912,30.634111760404846,15.0241547833831,0.490438727288385,0.6210745065526488,-15.057330069706671,14.990979497059527,True
dog-run,3,identity,180,0.41242221249741173,33.37379673056532,33.3740222161541,7.142343345719981,0.21400906667650196,7.507755515025612,-6.508391111306823,7.776295580133139,True
dog-run,3,identity,181,0.40502303577781973,33.98348703951025,33.983716644390014,7.921358101710224,0.23309275393860932,6.306133591610544,-8.054698060999444,7.788018142421005,True
dog-run,3,identity,182,0.38170441070493755,36.0595652055445,36.059808837168426,13.13653351749468,0.36429847914097313,-3.243362643709209,-12.115990713168795,14.157076321820565,True
dog-run,3,identity,183,0.3650164729444736,37.70814773379401,37.70840250384503,20.816401943252664,0.5520361659746809,2.906803751855058,-21.55503164056333,20.077772245942,True
dog-run,3,identity,184,0.3421463273892854,40.228679910388735,40.22895171007787,17.58831752788933,0.43720546472711663,9.163998324601257,-21.059371817710815,14.117263238067842,True
dog-run,3,identity,185,0.3395382727436317,40.537683648556495,40.537957535988056,26.338728271035734,0.6497300276574914,10.86859737847329,-23.89651746466692,28.780939077404543,True
dog-run,3,identity,186,0.3209449618733903,42.88615408298086,42.886443837538394,9.544697345731986,0.22255744453629744,-0.10681801815626928,-9.720356137826041,9.36903855363793,True
dog-run,3,identity,187,0.3033758899104399,45.36977243353766,45.370078968330006,14.666417270408495,0.32326188545200013,-0.8632029460820208,-17.22442734557267,12.108407195244318,True
dog-run,3,identity,188,0.28153023528261306,48.89029085363282,48.890621174336594,29.330640439769816,0.5999236609242735,-9.213787649796883,-28.406466838642196,30.254814040897436,True
dog-run,3,identity,189,0.24822781206019134,55.44944771829619,55.44982235506496,23.683091187638354,0.4271085132786736,0.4232801870590941,-18.22956690809975,29.136615467176956,True
dog-run,3,identity,190,0.2475937777713568,55.59144180016203,55.591817396294715,19.286365384699756,0.3469281323762807,4.624766669189179,-18.24560106118701,20.327129708212507,True
dog-run,3,identity,191,0.226087228041201,60.87957823318677,60.87998955790539,30.09214905842188,0.4942863702333595,-13.074510354585078,-24.07491392933611,36.10938418750765,True
dog-run,3,identity,192,0.213440879847938,64.4866864157635,64.48712211142526,19.34976969578375,0.3000563377964036,-17.809862927408226,-17.404494743316874,21.29504464825062,False
dog-run,3,identity,193,0.209206644749006,65.79186384625592,65.79230836017449,23.762393362852777,0.36117281723522365,-1.81485822986614,-23.56736055250845,23.957426173197106,True
dog-run,3,identity,194,0.18711196107251957,73.56074410296004,73.56124110627762,47.10499560525571,0.640350745811925,7.814487611265815,-39.38824770588505,54.82174350462636,True
dog-run,3,identity,195,0.1621443974404418,84.88788576314765,84.88845929678133,28.559924834121254,0.3364406077187944,-5.648513199829104,-32.10651224791437,25.013337420328146,True
dog-run,3,identity,196,0.14411892774865334,95.50511721169288,95.50576247922945,26.12386251639245,0.2735317936661032,-25.053388895458347,-23.40474104696563,28.842983985819274,False
dog-run,3,identity,197,0.13318328969858675,103.34701236325361,103.34771061350399,24.53298484109231,0.2373829540631033,17.68077551808426,-23.556965544715627,25.509004137468995,True
dog-run,3,identity,198,0.11951172183380186,115.16941498173355,115.1701931084648,24.45659074736958,0.212351738651136,23.60949296862597,-25.035720835142097,23.877460659597066,True
dog-run,3,identity,199,0.10297705672478256,133.6617643272198,133.6626673950329,29.344887720428694,0.21954438208016183,15.12941372355382,-29.588729011387937,29.101046429469456,True
dog-run,3,identity,200,0.08086591193133859,170.20886500043943,170.2100149938443,32.246189187201836,0.189449423339561,12.398658567005619,-29.630248135101397,34.86213023930228,True
dog-run,3,identity,201,0.06555040603865332,209.97726663878046,209.97868532206718,24.54809008108859,0.11690753298810548,16.856602592155664,-22.114926161531052,26.98125400064612,True
dog-run,3,identity,202,0.05271097473533326,261.12389604194277,261.1256602905815,40.05065562522806,0.15337694342509103,-74.33996627679024,-35.28891812811842,44.8123931223377,False
dog-run,3,identity,203,0.052427938808519904,262.5335918188314,262.5353655918914,49.22469677920806,0.18749739361106635,35.03982862889507,-53.84931144389839,44.60008211451774,True
dog-run,3,identity,204,0.04542790808237177,302.98764940047437,302.98969649595745,29.27256150196984,0.09661239916902718,-2.2813567455354065,-29.57722619367913,28.967896810260545,True
dog-run,3,identity,205,0.04270592432665645,322.29943044382895,322.30160801677437,45.43912892757128,0.14098325232434578,109.56183843635102,-50.3650177986746,40.513240056467964,False
dog-run,3,identity,206,0.03964054460424936,347.2226535854192,347.2249995487875,44.43793101406051,0.12798021764506237,77.72975270914802,-53.375953016211,35.49990901191002,False
dog-run,3,identity,207,0.03586015907072179,383.82693896905766,383.82953224437506,77.48168876273228,0.20186484429603907,123.81476374556966,-109.42292656847923,45.54045095698532,False
dog-run,3,identity,208,0.03355549836921711,410.18896323964105,410.191734626447,49.95080831719221,0.12177429260655719,-104.60321114553412,-50.55510338597988,49.34651324840455,False
dog-run,3,identity,209,0.03197601710830246,430.45057927132626,430.4534875530316,45.205836426877894,0.1050190966830268,133.9139192778614,-50.28755429915252,40.12411855460328,False
dog-run,3,identity,210,0.029973967871714323,459.20163609861817,459.2047386329864,35.273773318779945,0.07681491576891601,-31.68858089465882,-37.60216359279142,32.94538304476846,True
dog-run,3,identity,211,0.02771465999504936,496.63589917817137,496.63925463212155,62.69220593704783,0.12623288504144964,-12.235620717480725,-44.79015279435619,80.59425907973947,True
dog-run,3,identity,212,0.025596455493006195,537.7344175961958,537.7380507267852,60.04422339299827,0.11166073018609135,49.45701418744811,-74.26300882129875,45.825437964697784,False
dog-run,3,identity,213,0.023874159150186935,576.5269051140954,576.5308003409309,40.310107065532016,0.06991839298385216,-26.853878886633044,-40.268606525455645,40.351607605608386,True
dog-run,3,identity,214,0.02314992873502893,594.5631731570612,594.5671902435238,83.35187722916632,0.1401891638101102,98.27003999913926,-90.7511534537187,75.95260100461392,False
dog-run,3,identity,215,0.02147069391071911,641.0642871764379,641.0686184414532,60.905870703185215,0.0950067885888062,-38.549205457189814,-37.00423566925205,84.80750573711838,False
dog-run,3,identity,216,0.019527903458487168,704.8424382227533,704.8472003963054,49.599863795305694,0.07036966844362554,-229.88696200199993,-57.08245394027387,42.117273650337516,False
dog-run,3,identity,217,0.01659805449034364,829.2595433438455,829.265146124911,68.33148701247906,0.0824000469955678,-34.99574360685597,-47.14164505163488,89.52132897332324,True
dog-run,3,identity,218,0.015417099770502814,892.781086712117,892.7871186679855,91.3641660797584,0.10233589191572488,-59.441951543257986,-50.6963763588013,132.0319558007155,False
dog-run,3,identity,219,0.013950611930970382,986.6302034036456,986.6368694384997,108.16238619020345,0.10962735079194763,-123.07724132352756,-132.13832656694626,84.18644581346065,True
dog-run,3,identity,220,0.01160223608932344,1186.3312365902095,1186.3392518783578,129.28032066607096,0.10897415765463252,55.14238213275501,-87.52923029928097,171.03141103286097,True
dog-run,3,identity,221,0.007754588634467305,1774.961346870226,1774.9733391589061,66.05227384991676,0.037213107595867594,412.1640441610449,-72.9990654703341,59.10548222949941,False
dog-run,3,identity,222,0.006671563334594642,2063.0989165142846,2063.11285556587,81.63240344304613,0.03956758992743323,-519.0091416950697,-63.12598954652308,100.13881733956917,False
